Date Purchased,Quantity,Card,Player,Year,Set,Variation,Number,Category,Condition,Investment,Current Value,Potential Profit,Ladder ID,Slab Serial #,Population,Notes
12/18/2021,1,2021 Contenders Tom Brady Winning Ticket #WTTBR PSA 8,Tom Brady,2021,Contenders,Winning Ticket,WTTBR,Football,PSA 8,400,321.52,-78.48,,66082410,2,
01/18/2021,1,2021 CSG  Panini Prestige Xtra Points Sunburst # Patrick Mahomes II CSG 10,Panini Prestige,2021,CSG,Xtra Points Sunburst, Patrick Mahomes II,Football,CSG 10,250,1262.26,1012.26,,1027959002,1,
10/14/2017,1,2010 Topps Chrome Tom Brady Refractor #C80 CSG 9,Tom Brady,2010,Topps Chrome,Refractor,C80,Football,CSG 9,223,2241.76,2018.76,,1002558004,1,
07/20/2020,1,2020 Panini Mosaic Tom Brady Pink Camo #135 CSG 10,Tom Brady,2020,Panini Mosaic,Pink Camo,135,Football,CSG 10,1000,4370.16,3370.16,,1004114007,1,
11/16/2022,1,2022 Parkside NWSL Ifeoma Omumonu Signature Series Autographs #SS-IO PSA 6/Auto 10,Ifeoma Omumonu,2022,Parkside NWSL,Signature Series Autographs,SS-IO,Soccer,PSA 6/Auto 10,400,4298.27,3898.27,,72388607,1,
06/18/2020,1,2018 Panini Hoops Kobe Bryant Silver Prizm 042/199 #296 CSG 10,Kobe Bryant,2018,Panini Hoops,Silver Prizm 042/199,296,Basketball,CSG 10,1000,3351.63,2351.63,,1004115003,1,
09/18/2021,1,2021 Panini Prizm Draft Picks Trevor Lawrence Green Prizm #161  CSG 9.5,Trevor Lawrence,2021,Panini Prizm Draft Picks,Green Prizm,161 ,Football,CSG 9.5,224,29.12,-194.88,,1027959026,,
10/18/2021,1,2021 Panini Prizm Draft Picks  Trevor Lawrence Green Prizm # 106  CSG 9.5,Trevor Lawrence,2021,Panini Prizm Draft Picks ,Green Prizm, 106 ,Football,CSG 9.5,25,465.76,440.76,,1027959006,3,
02/18/2020,1,2019 Panini Hoops Premium Stock Luka Doncic NBA City Red Prizm #30 CSG 10,Luka Doncic,2019,Panini Hoops Premium Stock,NBA City Red Prizm,30,Basketball,CSG 10,345,2425.44,2080.44,,1005614003,1,
12/18/2020,1,2019 Topps Match Attax Champions UEFA Champions League Cristiano Ronaldo Golden Squad Limited Edition #LE12 CSG 9,Cristiano Ronaldo,2019,Topps Match Attax Champions UEFA Champions League,Golden Squad Limited Edition,LE12,Soccer,CSG 9,1000,3178.19,2178.19,,1005610003,1,
07/11/2020,1,2018 Panini Dmd.Kings Walker Buehler Dk Rookie Materials Sig. PSA 9,Walker Buehler,2018,Panini Dmd.Kings,Dk Rookie Materials Sig.,,Baseball,PSA 9,350,64.15,-285.85,,63357147,1,
01/22/2020,1,2019 Panini Chronicles Jared Goff Prime Swatches  #PS9 Raw,Jared Goff,2019,Panini Chronicles,Prime Swatches ,PS9,Football,Raw,1000,3554.21,2554.21,,,,#33/49
02/19/2022,1,2021  Panini Prizm Aaron Judge Stained Glass Purple Prizm #SG-5  CSG 9.5,Aaron Judge,2021 ,Panini Prizm,Stained Glass Purple Prizm,SG-5 ,Baseball,CSG 9.5,250,1607.95,1357.95,,1027959034,2,
05/18/2020,1,2019 Toops Match Attax UEFA Champions League  Cristiano Ronaldo World  Class Superstar #WCU8 Raw,Cristiano Ronaldo,2019,Toops Match Attax UEFA Champions League ,World  Class Superstar,WCU8,Soccer,Raw,21,3947.44,3926.44,,,,
11/13/2021,1,2021 Panini NBA Sticker & Card Collection  Chris Duarte European Edition Silver Card #93 Raw,Chris Duarte,2021,Panini NBA Sticker & Card Collection ,European Edition Silver Card,93,Basketball,Raw,22,2008.06,1986.06,,,,
12/18/2020,1,2019 Topps Match Attax UEFA Champions League Lionel Messi #BAR 11 Raw,Lionel Messi,2019,Topps Match Attax UEFA Champions League,,BAR 11,Soccer,Raw,300,894.79,594.79,,,,
05/18/2018,1,2016 Topps Match Attax UEFA Champions League Pepe 2015/16 Winners #RM5 Raw,Pepe,2016,Topps Match Attax UEFA Champions League,2015/16 Winners,RM5,Soccer,Raw,86,806.53,720.53,,,,
01/19/2022,1,2021 Onyx Vintage Clyde Drexler Parallel Autograph Blue-Ink #VACD PSA 9/Auto 10,Clyde Drexler,2021,Onyx Vintage,Parallel Autograph Blue-Ink,VACD,Basketball,PSA 9/Auto 10,1500,1273.86,-226.14,,66081791,1,
10/15/2021,1,2020 Panini Playbook Nick Chubb Base #28 Raw,Nick Chubb,2020,Panini Playbook,Base,28,Football,Raw,10,103.38,93.38,,,,
05/25/2021,1,2020 Panini Mosaic Prizm Tom Brady Reactive Green Prizm #298 CSG 9,Tom Brady,2020,Panini Mosaic Prizm,Reactive Green Prizm,298,Football,CSG 9,564,734.63,170.63,,1004115004,,
05/15/2021,1,2020 Upper Deck Series 2 Vitali Kravstov Dazzlers Green  #DZ-82 CSG 10,Vitali Kravstov,2020,Upper Deck Series 2,Dazzlers Green ,DZ-82,Hockey,CSG 10,275,145.51,-129.49,,1027959018,1,
10/19/2021,1,2021 Donruss Retro 87’ Gavin Lux Retro 87’ Signatures #87S-GL SGC 9/Auto 10,Gavin Lux,2021,Donruss Retro 87’,Retro 87’ Signatures,87S-GL,Baseball,SGC 9/Auto 10,200,1837.61,1637.61,,1005606001,1,
10/10/2011,1,2005 SP Authentic Tom Brady #50 CSG 8.5,Tom Brady,2005,SP Authentic,,50,Football,CSG 8.5,200,5646.83,5446.83,,1004114002,,
04/12/2019,1,2005 Upper Deck Super Bowl Champions Set Tom Brady Season Highlights #SH1 CSG 8.5,Tom Brady,2005,Upper Deck Super Bowl Champions Set,Season Highlights,SH1,Football,CSG 8.5,125,2616.56,2491.56,,1004114003,1,
03/08/2019,1,2005 Donruss Optic  Tom Brady #63 CSG 10,Tom Brady,2005,Donruss Optic ,,63,Football,CSG 10,1000,7159.26,6159.26,,1005610001,1,
08/09/2018,1,2016 Leaf Tom Brady Exclusive Legends Edition #10 CSG 9,Tom Brady,2016,Leaf,Exclusive Legends Edition,10,Football,CSG 9,253,3658.17,3405.17,,1004115002,,
01/17/2018,1,2017 Topps Archives Aaron Judge 1960 Rookie Star #RS-9 CSG 10,Aaron Judge,2017,Topps Archives,1960 Rookie Star,RS-9,Baseball,CSG 10,600,12104.49,11504.49,,1002559002,,
11/19/2021,1,2021 Topps Dylan Carlson '52 Redux #T52-33 Dylan Carlson CSG 9.5,Dylan Carlson,2021,Topps,'52 Redux,T52-33 Dylan Carlson,Baseball,CSG 9.5,240,541.01,301.01,,1027959021,,
12/19/2021,1,2021 Topps Heritage Mike Trout #169 Raw,Mike Trout,2021,Topps Heritage,,169,Baseball,Raw,19,181.85,162.85,,,,
05/19/1996,1,1963 Topps Ernie Banks - Hank Aaron Power Plus #242 Raw,Ernie Banks - Hank Aaron,1963,Topps,Power Plus,242,Baseball,Raw,2,22307.89,22305.89,,,,
10/05/2021,1,2021 Panini Prizm Draft Picks Justin Fields Red White & Blue Prizm #163  CSG 9,Justin Fields,2021,Panini Prizm Draft Picks,Red White & Blue Prizm,163 ,Football,CSG 9,365,3221.04,2856.04,,1026538009,,
01/25/2021,1,2020 Panini Certified  Luka Doncic Gold Team #7 CSG 10,Luka Doncic,2020,Panini Certified ,Gold Team,7,Basketball,CSG 10,350,163.69,-186.31,,1005614004,1,
10/11/2020,1,2020 Panini Contenders Tom Brady Jersey Number #12 CSG 7.5,Tom Brady,2020,Panini Contenders,Jersey Number,12,Football,CSG 7.5,225,823.09,598.09,,1004116006,,
10/14/2020,1,2020 Topps Chrome Update Yordan Alvarez Decade's Next  #DNC-4  CSG 10,Yordan Alvarez,2020,Topps Chrome Update,Decade's Next ,DNC-4 ,Baseball,CSG 10,250,297.92,47.92,,1027959007,,
10/08/2019,1,2019 Panini Illusions JA Morant #161 CSG 9,JA Morant,2019,Panini Illusions,,161,Basketball,CSG 9,120,1145.27,1025.27,,1002558003,,
12/20/2020,1,2020 Topps Chrome Update Sapphire Ken Griffey Jr. Base Sapphire #U-150  CSG 10,Ken Griffey Jr.,2020,Topps Chrome Update Sapphire,Base Sapphire,U-150 ,Baseball,CSG 10,125,310.02,185.02,,1027959027,,
09/20/2021,1,2021 Panini Prizm  Aristides Aquino Blue Mojo #208  CSG 10,Aristides Aquino,2021,Panini Prizm ,Blue Mojo,208 ,Baseball,CSG 10,20,455.73,435.73,,1027959013,1,
09/11/2021,1,2021 Topps Heritage Chrome Matt Chapman Red Refractor #123  CSG 10,Matt Chapman,2021,Topps Heritage Chrome,Red Refractor,123 ,Baseball,CSG 10,70,1180.90,1110.90,,1027959017,1,
11/20/2021,1,2021 Panini Diamond Kings Roger Maris Blue Frame #101  CSG 10,Roger Maris,2021,Panini Diamond Kings,Blue Frame,101 ,Baseball,CSG 10,120,930.05,810.05,,1027959009,,
08/11/2011,1,2009 Panini Rookies & Stars Kobe Bryant Base #39 CSG 10,Kobe Bryant,2009,Panini Rookies & Stars,Base,39,Basketball,CSG 10,200,6210.43,6010.43,,1005615003,1,
08/11/2011,1,2009 Panini Rookies & Stars LeBron James Base #14 CSG 9,LeBron James,2009,Panini Rookies & Stars,Base,14,Basketball,CSG 9,2000,74480.66,72480.66,,1005615002,1,
02/03/2015,1,2014 Panini Prizm Neymar Jr. World Cup #112 PSA 8,Neymar Jr.,2014,Panini Prizm,World Cup,112,Soccer,PSA 8,200,1344.61,1144.61,,51434895,569,
11/20/2021,1,2021 Donruss Optic Fernando Tatis Jr. Lime Green #27  CSG 10,Fernando Tatis Jr.,2021,Donruss Optic,Lime Green,27 ,Baseball,CSG 10,20,198.41,178.41,,1027959010,1,
11/20/2021,1,2021 Donruss Optic  Vladamir Guerrero Jr. Lime Green #182  CSG 10,Vladamir Guerrero Jr.,2021,Donruss Optic ,Lime Green,182 ,Baseball,CSG 10,200,450.84,250.84,,1027959029,,
11/20/2021,1,2021 Panini Diamond Kings Dylan Carlson Artist Proof Blue #64  CSG 10,Dylan Carlson,2021,Panini Diamond Kings,Artist Proof Blue,64 ,Baseball,CSG 10,200,131.58,-68.42,,1027959019,,
05/14/2019,1,2018-19 Donruss Optic Josh Okogie Holo Prizm #194  CSG 10,Josh Okogie,2018-19,Donruss Optic,Holo Prizm,194 ,Basketball,CSG 10,100,1246.86,1146.86,,1027959015,,
11/20/2021,1,2021 Topps Nolan Arenado 70 Years Of Topps #70YT-52 CSG 10,Nolan Arenado,2021,Topps,70 Years Of Topps,70YT-52,Baseball,CSG 10,20,122.48,102.48,,1027959008,,
12/20/2019,1,2019 Panini Hoops Premium Stock Zion Williamson Base  #258 CSG 9,Zion Williamson,2019,Panini Hoops Premium Stock,Base ,258,Basketball,CSG 9,200,22.36,-177.64,,1001681002,,
04/20/2020,1,2019 Panini Revolution Luka Doncic #73 CSG 9,Luka Doncic,2019,Panini Revolution,,73,Basketball,CSG 9,360,766.04,406.04,,1002558001,,
12/20/2022,1,2003-04 Upper Deck  LeBron James Lebron's Diary #LJ15  CSG 8,LeBron James,2003-04,Upper Deck ,Lebron's Diary,LJ15 ,Basketball,CSG 8,345,3935.80,3590.80,,1026239020,,
09/20/2020,1,2020 Panini Mosaic Rob Gronkowski Pink Camo Prizm #136 CSG 9,Rob Gronkowski,2020,Panini Mosaic,Pink Camo Prizm,136,Football,CSG 9,200,335.36,135.36,,1004114006,,
07/20/2020,1,2019-20 Panini Hoops Premium Stock Hoops Ink Monte Morris Hoops Ink Holo Prizm #HI-MON PSA 10/Auto 10,Monte Morris,2019-20,Panini Hoops Premium Stock Hoops Ink,Hoops Ink Holo Prizm,HI-MON,Basketball,PSA 10/Auto 10,20,353.58,333.58,,1005614002,1,
09/20/2021,1,2021 Topps Fernando Tatis Jr. Topps Through the Years #TTY-12 CSG 10,Fernando Tatis Jr.,2021,Topps,Topps Through the Years,TTY-12,Baseball,CSG 10,20,153.39,133.39,,1005614001,,
07/20/2021,1,2021 Topps 86’ Silver Pack 52’ Redux Chrome Fernando Tatis Jr. 52’ Redux Chrome Refractor #TC52-32 CSG 10,Fernando Tatis Jr.,2021,Topps 86’ Silver Pack 52’ Redux Chrome,52’ Redux Chrome Refractor,TC52-32,Baseball,CSG 10,425,909.78,484.78,,1004145001,1,
09/20/2021,1,2021 Topps Heritage Gleyber Torres In action  #292 Raw,Gleyber Torres,2021,Topps Heritage,In action ,292,Baseball,Raw,22,127.18,105.18,,,,
09/20/2021,1,2021 Topps Heritage Justin Smoak Pop #332 Raw,Justin Smoak,2021,Topps Heritage,Pop,332,Baseball,Raw,12,143.43,131.43,,,,
09/20/2021,1,2021 Toops Heritage Bo Bichette #293b Raw,Bo Bichette,2021,Toops Heritage,,293b,Baseball,Raw,12,52.04,40.04,,,,
12/21/2022,1,2021 Topps Heritage Eloy Jimenez Base In Action #192 Raw,Eloy Jimenez,2021,Topps Heritage,Base In Action,192,Baseball,Raw,12,19.66,7.66,,,,
09/20/2020,1,2019-20 Topps Match Attax UEFA Champions League Kylian Mbappe World Class Superstar #WCI11 Raw,Kylian Mbappe,2019-20,Topps Match Attax UEFA Champions League,World Class Superstar,WCI11,Soccer,Raw,30,216.83,186.83,,,,
11/04/2020,1,2020-21 Panini Mosaic La Liga Pedri Base Rookie Card #60 Raw,Pedri,2020-21,Panini Mosaic La Liga,Base Rookie Card,60,Soccer,Raw,17,607.73,590.73,,,,
01/21/2022,1,2021 Panini Chronicles Draft Picks Donruss Optic  Jalen Johnson Donruss Optic Orange Prizm  #213  CSG 8,Jalen Johnson,2021,Panini Chronicles Draft Picks Donruss Optic ,Donruss Optic Orange Prizm ,213 ,Basketball,CSG 8,65,1325.95,1260.95,,1027959030,1,
07/05/2020,1,2019-20 Panini Mosaic Cam Reddish Base Rookie # 271  CSG 8.5,Cam Reddish,2019-20,Panini Mosaic,Base Rookie, 271 ,Basketball,CSG 8.5,20,159.99,139.99,,1026538017,,
08/15/2018,1,2017-18 Donruss Optic  John Collins Rated Rookie #182 CSG 9,John Collins,2017-18,Donruss Optic ,Rated Rookie,182,Basketball,CSG 9,15,45.33,30.33,,1002559001,,
12/21/2020,1,2019-20 Panini Hoops Premium Stock Trae Young Base  #1 CSG 7.5,Trae Young,2019-20,Panini Hoops Premium Stock,Base ,1,Basketball,CSG 7.5,20,70.30,50.30,,1005613001,,
04/13/1993,1,1991 Upper Deck Ken Griffey Jr. Base #555  CSG 6.5,Ken Griffey Jr.,1991,Upper Deck,Base,555 ,Baseball,CSG 6.5,20,326.19,306.19,,1026538005,,
10/27/2020,1,2020-21 Panini Mosaic La Liga Trincao Mosaic Prizm #56 CSG 7.5,Trincao,2020-21,Panini Mosaic La Liga,Mosaic Prizm,56,Soccer,CSG 7.5,200,617.79,417.79,,1027959004,1,
07/15/1993,1,1991  Fleer Ken Griffey Jr. Yellow Base  #450 Raw,Ken Griffey Jr.,1991 ,Fleer,Yellow Base ,450,Baseball,Raw,75,1541.20,1466.20,,,,
12/21/2022,1,1994-95 Finest Scott Williams Refractor w Coating  #187 CSG 6,Scott Williams,1994-95,Finest,Refractor w Coating ,187,Basketball,CSG 6,20,372.10,352.10,,1004116005,,
07/21/1991,1,1990 Leaf Ken Griffey Jr. Base #245  CSG 8.5,Ken Griffey Jr.,1990,Leaf,Base,245 ,Baseball,CSG 8.5,100,1630.95,1530.95,,1026538006,,
11/21/2021,1,2021 Donruss Optic Starling Marte Lime Green #17  CSG 9.5,Starling Marte,2021,Donruss Optic,Lime Green,17 ,Baseball,CSG 9.5,50,331.49,281.49,,1027959011,,
09/21/2021,1,2021 Panini Contenders Draft Picks Quintin Morris College Ticket Autographs Blue 65/99 #192  CSG 9.5,Quintin Morris,2021,Panini Contenders Draft Picks,College Ticket Autographs Blue 65/99,192 ,Football,CSG 9.5,200,6629.74,6429.74,,1027959023,1,
12/15/2021,1,2021 Donruss Elite Series Babe Ruth Rapture  #ES3 CSG 10,Babe Ruth,2021,Donruss Elite Series,Rapture ,ES3,Baseball,CSG 10,200,212.95,12.95,,1005610002,,
11/21/2021,1,2021 Donruss Elite Series  Mike Trout Pink Fireworks #ES2 CSG 10,Mike Trout,2021,Donruss Elite Series ,Pink Fireworks,ES2,Baseball,CSG 10,65,151.54,86.54,,1005610004,1,
09/18/2020,1,2020 Panini Prizm Star Gazing Mike Trout Star Gazing Purple Prizm #SG-1 CSG 10,Mike Trout,2020,Panini Prizm Star Gazing,Star Gazing Purple Prizm,SG-1,Baseball,CSG 10,257,2002.65,1745.65,,1004114004,,
10/08/2021,1,2021 Topps Chrome 52’ Redux  Juan Soto Chrome  #TC52-9 CSG 9,Juan Soto,2021,Topps Chrome 52’ Redux ,Chrome ,TC52-9,Baseball,CSG 9,350,959.49,609.49,,1005615001,,
05/18/2020,1,2018-19 Donruss Optic Signature Series Troy Brown Jr. Signature Series Holo Prizm #SG-TBR BGS 8.5/Auto 10,Troy Brown Jr.,2018-19,Donruss Optic Signature Series,Signature Series Holo Prizm,SG-TBR,Basketball,BGS 8.5/Auto 10,20,42.20,22.20,,1004116002,1,
12/18/2020,1,2020 Panini Elite Extra Edition Autographs Tanner Murray #132 PSA 9/Auto 9,Tanner Murray,2020,Panini Elite Extra Edition Autographs,,132,Baseball,PSA 9/Auto 9,60,1193.08,1133.08,,1004115005,,
10/17/2020,1,2020 Panini Prizm Illumination Yordan Alvarez Blue Mojo Prizm #I-6 CSG 10,Yordan Alvarez,2020,Panini Prizm Illumination,Blue Mojo Prizm,I-6,Baseball,CSG 10,250,302.01,52.01,,1004114001,1,
09/22/2021,1,2021 Topps Chrome Platinum Anniversary Bryce Harper X-Fractor #185 Raw,Bryce Harper,2021,Topps Chrome Platinum Anniversary,X-Fractor,185,Baseball,Raw,130,97.20,-32.80,,,,
01/01/2022,1,2022 Topps Gypsy Queen  Derek Jeter No name  #317 SGC 9.5,Derek Jeter,2022,Topps Gypsy Queen ,No name ,317,Baseball,SGC 9.5,200,509.69,309.69,,BAC001885155,1,
01/22/2021,1,2021 Topps Chrome Platinum Anniversary Shane Bieber Gold Refractor 1/50 #190 SGC 9.5,Shane Bieber,2021,Topps Chrome Platinum Anniversary,Gold Refractor 1/50,190,Baseball,SGC 9.5,300,1521.02,1221.02,,BAC001885154,1,
11/16/1996,1,1995 Jam Pac Magazine Collection Greg Norman #95 Raw,Greg Norman,1995,Jam Pac Magazine Collection,,95,Golf,Raw,17,1790.06,1773.06,,,,
10/21/2021,1,2021 Topps Chrome Platinum Anniversary Jackie Robinson Silver Refractor #610 Raw,Jackie Robinson,2021,Topps Chrome Platinum Anniversary,Silver Refractor,610,Baseball,Raw,150,246.92,96.92,,,,
06/22/2022,1,2022 Topps Series 2 Advanced Stats Brandon Lowe Advanced Stats Rainbow Foil #499 Raw,Brandon Lowe,2022,Topps Series 2 Advanced Stats,Advanced Stats Rainbow Foil,499,Baseball,Raw,12,137.18,125.18,,,,
12/14/2020,1,2019-20 Hoops Premium Stock  Joe Harris #14 Raw,Joe Harris,2019-20,Hoops Premium Stock ,,14,Basketball,Raw,25,1174.56,1149.56,,,,
12/18/2020,1,2019-20 Hoops-Premium Box Set Larry Bird Premium Box Set #289 Raw,Larry Bird,2019-20,Hoops-Premium Box Set,Premium Box Set,289,Basketball,Raw,200,493.55,293.55,,,,
08/29/2007,1,2005 Upper Deck Reflections Priest Holmes Reflections #46 Raw,Priest Holmes,2005,Upper Deck Reflections,Reflections,46,Football,Raw,350,5134.32,4784.32,,75756178,1,
12/19/2019,1,2019 Topps Match Attax UEFA Champions League Kylian MBappe 1st Edition #PSG11 Raw,Kylian MBappe,2019,Topps Match Attax UEFA Champions League,1st Edition,PSG11,Soccer,Raw,90,650.49,560.49,,,,
01/27/2005,1,2033-04 Upper Deck Tripple Dimensions Kobe Bryant Reflections #31 Raw,Kobe Bryant,2033-04,Upper Deck Tripple Dimensions,Reflections,31,Basketball,Raw,88,3288.86,3200.86,,,,
01/13/2004,1,1990 Topps Traded Cecil Fielder Pack Version #31T Raw,Cecil Fielder,1990,Topps Traded,Pack Version,31T,Baseball,Raw,20,2583.22,2563.22,,,,
10/02/2020,1,2020 Panini Mosaic David Njoku Scripts Autographs #S49 Raw,David Njoku,2020,Panini Mosaic,Scripts Autographs,S49,Football,Raw,250,1351.23,1101.23,,,,
06/17/2010,1,2009 Bowman Chrome Brian Baisley Prospects X-Fractors Autographs #BCP133 Raw,Brian Baisley,2009,Bowman Chrome,Prospects X-Fractors Autographs,BCP133,Baseball,Raw,17,2696.64,2679.64,,,,
02/16/2010,1,2008 Press Pass Russell Westbrook Reflector Proofs #34 Raw,Russell Westbrook,2008,Press Pass,Reflector Proofs,34,Basketball,Raw,13,1426.50,1413.50,,,,
07/19/2019,1,2019 Topps Match Attax UEFA Champions League Lionel Messi Hat Trick Heros Gold Diamond Foil #HH1 PSA 7,Lionel Messi,2019,Topps Match Attax UEFA Champions League,Hat Trick Heros Gold Diamond Foil,HH1,Soccer,PSA 7,500,17191.54,16691.54,,75756179,,
07/19/1999,1,1998 Upper Deck Michael Jordan Stickers Michael Jordan Stick-Ums #SU33 Raw,Michael Jordan,1998,Upper Deck Michael Jordan Stickers,Stick-Ums,SU33,Basketball,Raw,100,1712.32,1612.32,,,,
12/28/2020,1,2020 Panini Contenders Jalen Hurts Rookie of the Year Contenders #RY-JHU Raw,Jalen Hurts,2020,Panini Contenders,Rookie of the Year Contenders,RY-JHU,Football,Raw,12,969.33,957.33,,,,
11/10/2020,1,2020-21 Panini Prizm English Premier League Raheem Sterling #102 Raw,Raheem Sterling,2020-21,Panini Prizm English Premier League,,102,Soccer,Raw,15,322.10,307.10,,,,
11/22/2021,1,2021-22 Panini NBA Sticker & Card Collection OG Anunoby European Edition Cracked Ice Sticker #275 Raw,OG Anunoby,2021-22,Panini NBA Sticker & Card Collection,European Edition Cracked Ice Sticker,275,Basketball,Raw,22,1637.45,1615.45,,,,
06/02/2021,1,2021 Panini NBA Sticker & Card Collection European Brandon Ingram European Edition Cracked Ice #405 Raw,Brandon Ingram,2021,Panini NBA Sticker & Card Collection European,European Edition Cracked Ice,405,Basketball,Raw,22,1213.03,1191.03,,,,
07/02/1972,2,1965 Topps Carl Yastrzemski #385 Raw,Carl Yastrzemski,1965,Topps,,385,Baseball,Raw,110,1496.72,1276.72,,,,
11/02/2019,1,2019 Hoops Joel Embid Courtside Holo #12  Raw,Joel Embid,2019,Hoops,Courtside Holo,12 ,Basketball,Raw,18,85.98,67.98,,,,
11/07/2020,1,2019-20 Hoops Premium Stock Shaquille O’neal #283 Raw,Shaquille O’neal,2019-20,Hoops Premium Stock,,283,Basketball,Raw,60,232.71,172.71,,,,
10/22/2021,1,2021 Panini Prizm Juan Soto #203 Raw,Juan Soto,2021,Panini Prizm,,203,Baseball,Raw,25,277.05,252.05,,,,
09/22/2021,1,2021-22 Topps Match Attax Champions League Sebastein Haller #8 Raw,Sebastein Haller,2021-22,Topps Match Attax Champions League,,8,Soccer,Raw,13,694.50,681.50,,,,
01/05/2020,1,2019-20 Panini Mosaic Dorian Finney-Smith Base #64 Raw,Dorian Finney-Smith,2019-20,Panini Mosaic,Base,64,Basketball,Raw,20,549.10,529.10,,,,
10/02/2021,1,2021 Panini Diamond Kings Spencer Howard Artist Proof Blue #59 Raw,Spencer Howard,2021,Panini Diamond Kings,Artist Proof Blue,59,Baseball,Raw,22,497.50,475.50,,,,
07/10/1984,1,1965 Topps  Ken Boyer/Ron Santo/Willie Mays NL 1964 RBI Leaders #6 Raw,Ken Boyer/Ron Santo/Willie Mays,1965,Topps ,NL 1964 RBI Leaders,6,Baseball,Raw,100,4064.32,3964.32,,,,
11/16/2021,1,2021 Topps Heritage Juan Soto #35c Raw,Juan Soto,2021,Topps Heritage,,35c,Baseball,Raw,10,613.75,603.75,,,,
11/16/2020,1,2020 Donruss Optic Adam Thielen Donruss Optic #65 Raw,Adam Thielen,2020,Donruss Optic,Donruss Optic,65,Football,Raw,100,1044.77,944.77,,,,
01/16/2021,1,2020 Panini Absolute Jake Fromm Retail #143 Raw,Jake Fromm,2020,Panini Absolute,Retail,143,Football,Raw,20,1329.21,1309.21,,,,
08/24/1986,1,1965 Topps Brooks Robinson/Dick Stuart/M. Mantel/H. AL 1964 RBI Leaders #5 Raw,Brooks Robinson/Dick Stuart/M. Mantel/H.,1965,Topps,AL 1964 RBI Leaders,5,Baseball,Raw,110,645.81,535.81,,,,Brooks Robinson/Dick Stuart/Mickey Mantel/H. Killebrew
01/16/2021,1,2020 Panini Absolute Clyde Edwards-Helaire Rookie Card #118 Raw,Clyde Edwards-Helaire,2020,Panini Absolute,Rookie Card,118,Football,Raw,20,154.17,134.17,,,,
12/16/2021,1,2021 Leaf Draft Gregory Rousseau Gold #39 Raw,Gregory Rousseau,2021,Leaf Draft,Gold,39,Football,Raw,10,137.11,127.11,,,,
05/19/1981,1,1965 Topps Sandy Koufax/ Don Drysdale NL 1964 ERA Leaders #8 Raw,Sandy Koufax/ Don Drysdale,1965,Topps,NL 1964 ERA Leaders,8,Baseball,Raw,100,861.40,761.40,,,,
11/01/2021,1,2021 Leaf Draft Justin Fields All-American #49 Raw,Justin Fields,2021,Leaf Draft,All-American,49,Football,Raw,15,30.60,15.60,,,,
09/25/2020,1,2018-19 Donruss Optic  Jusuf Nurkic #41 Raw,Jusuf Nurkic,2018-19,Donruss Optic ,,41,Basketball,Raw,15,154.65,139.65,,,,
08/30/2017,1,2017 Stadium Club Autographs Greg Bird Autographs Blue #SCA-GB PSA 9/Auto 10,Greg Bird,2017,Stadium Club Autographs,Autographs Blue,SCA-GB,Baseball,PSA 9/Auto 10,20,326.16,306.16,,BAC001885152,1,
07/05/2021,1,2021 Topps Chrome Platinum Anniversary Max Scherzer Black & White Mini Diamond Speckles #172 Raw,Max Scherzer,2021,Topps Chrome Platinum Anniversary,Black & White Mini Diamond Speckles,172,Baseball,Raw,101.12,175.50,74.38,,,,
01/01/2021,3,2020 Panini Select Drew Brees Unbreakable #U17 Raw,Drew Brees,2020,Panini Select,Unbreakable,U17,Football,Raw,7,376.15,355.15,,,,
09/02/2017,1,2017 Topps Archives Marcus Stroman Signature Variation #121 Raw,Marcus Stroman,2017,Topps Archives,Signature Variation,121,Baseball,Raw,197.82,1145.40,947.58,,,,
12/05/2021,2,2021-22 Panini NBA Sticker & Card Collection Zach LaVine European Edition Cracked Ice Sticker #158 Raw,Zach LaVine,2021-22,Panini NBA Sticker & Card Collection,European Edition Cracked Ice Sticker,158,Basketball,Raw,22,111.16,67.16,,,,
12/05/2020,4,2020 Panini Absolute Kyler Murray #24 Raw,Kyler Murray,2020,Panini Absolute,,24,Football,Raw,10,675.32,635.32,,,,
01/02/2021,1,2020 Topps Attax Christian Yelich Superstar #NNO Raw,Christian Yelich,2020,Topps Attax,Superstar,NNO,Baseball,Raw,12,169.25,157.25,,,,
12/05/2020,1,2020 Panini Absolute Justin Herbert Blue Rookie #167 Raw,Justin Herbert,2020,Panini Absolute,Blue Rookie,167,Football,Raw,20,95.61,75.61,,,,
12/25/2019,1,2019-20 Topps Match Attax UEFA Champions League Kylian Mbappe Limited Edition Gold Holo #LE11 Raw,Kylian Mbappe,2019-20,Topps Match Attax UEFA Champions League,Limited Edition Gold Holo,LE11,Soccer,Raw,100,7227.64,7127.64,,,,
10/03/1990,1,1965 Topps Whitey Ford #330 Raw,Whitey Ford,1965,Topps,,330,Baseball,Raw,12,2605.63,2593.63,,,,
01/01/2021,1,2020 Panini Absolute Marlon Mack Red #39 Raw,Marlon Mack,2020,Panini Absolute,Red,39,Football,Raw,20,286.99,266.99,,,,
12/29/2021,1,2021 Panini NBA Sticker & Card Collection Alperen Sengun European Edition Silver Card #96 Raw,Alperen Sengun,2021,Panini NBA Sticker & Card Collection,European Edition Silver Card,96,Basketball,Raw,22,597.57,575.57,,,,
12/29/2020,1,2020 Donruss Optic  Derrick Henry #95 Raw,Derrick Henry,2020,Donruss Optic ,,95,Football,Raw,20,287.59,267.59,,,,
01/01/2003,1,2002 SP Authentic Tom Brady #1 Raw,Tom Brady,2002,SP Authentic,,1,Football,Raw,325.84,36589.95,36264.11,,,,
12/29/2020,1,2020 Panini Mosaic Old School Jerry Rice #OS4 Raw,Jerry Rice,2020,Panini Mosaic Old School,,OS4,Football,Raw,60,173.96,113.96,,,,
08/15/1999,1,1996-97 Topps Stars:Finest Michael Jordan #124 Raw,Michael Jordan,1996-97,Topps Stars:Finest,,124,Basketball,Raw,100,1712.32,1612.32,,,,
12/30/2020,1,2019-20 Panini Mosaic Dwyane Wade #259 Raw,Dwyane Wade,2019-20,Panini Mosaic,,259,Basketball,Raw,56,41.63,-14.37,,,,
12/31/2021,1,2021 Panini Prizm WNBA: Get Hyped Crystal Dangerfield Get Hyped Green Holo #7 PSA 9,Crystal Dangerfield,2021,Panini Prizm WNBA: Get Hyped,Get Hyped Green Holo,7,Basketball,PSA 9,30,324.39,294.39,,BAC001885153,1,
06/07/1993,1,1990-91 Hoops Joe Dumars #3 Raw,Joe Dumars,1990-91,Hoops,,3,Basketball,Raw,25,20.41,-4.59,,,,
12/29/2021,1,2020-21 Panini Prizm James Wiseman #268 Raw,James Wiseman,2020-21,Panini Prizm,,268,Basketball,Raw,25,0.85,-24.15,,,,K
12/17/2021,1,2021-22 Panini NBA Sticker & Card Collection  Bones Hyland European Edition Draft 2021 Card #104 Raw,Bones Hyland,2021-22,Panini NBA Sticker & Card Collection ,European Edition Draft 2021 Card,104,Basketball,Raw,22,590.00,568.00,,,,
12/29/2020,1,2020 Panini Absolute Lamar Jackson Retail #85 Raw,Lamar Jackson,2020,Panini Absolute,Retail,85,Football,Raw,20,34.87,14.87,,,,
01/01/2021,1,2020 Panini Contenders-Rookie of the Year contenders CeeDee Lamb Rookie of the Year #RY-CDL Raw,CeeDee Lamb,2020,Panini Contenders-Rookie of the Year contenders,Rookie of the Year,RY-CDL,Football,Raw,20,771.08,751.08,,,,
12/29/2021,1,2021 Panini Illusions: Mystique Jaylen Waddle Mystique Orange #MY-8 Raw,Jaylen Waddle,2021,Panini Illusions: Mystique,Mystique Orange,MY-8,Football,Raw,25,308.07,283.07,,,,
12/29/2020,1,2020 Donruss Brett Favre #108 Raw,Brett Favre,2020,Donruss,,108,Football,Raw,30,384.81,354.81,,,,
12/29/2021,1,2021 Panini Prizm WNBA Rennia Davis Lime Green Holo #97 Raw,Rennia Davis,2021,Panini Prizm WNBA,Lime Green Holo,97,Basketball,Raw,55,1003.68,948.68,,,,
10/29/2022,1,2021-22 Topps Project 70 Mike Trout PR8459 #64 Raw,Mike Trout,2021-22,Topps Project 70,PR8459,64,Baseball,Raw,110,157.42,47.42,,,,
12/30/2017,1,2017 Topps Aaron Judge Rookie Image Variation #287 Raw,Aaron Judge,2017,Topps,Rookie Image Variation,287,Baseball,Raw,150,429.53,279.53,,,,Complete  Set
12/30/2017,1,2017 Topps Update Aaron Judge Rookie Allstar Game #US166 Raw,Aaron Judge,2017,Topps Update,Rookie Allstar Game,US166,Baseball,Raw,100,1409.37,1309.37,,,,
12/30/2020,1,2020 Topps Victor Robles #547 Raw,Victor Robles,2020,Topps,,547,Baseball,Raw,15,137.68,122.68,,,,
11/02/2008,1,1963 Topps New York Yankees New York Yankees -1962 #247 Raw,New York Yankees,1963,Topps,New York Yankees -1962,247,Baseball,Raw,50,2605.63,2555.63,,,,
12/30/2017,1,2017 Topps Derek Jeter Derek Jeter Traget Blue Chrome Reprints #DJ-2 PSA 10,Derek Jeter,2017,Topps,Derek Jeter Traget Blue Chrome Reprints,DJ-2,Baseball,PSA 10,250,2895.83,2645.83,,BAC001885156,1,
12/30/1999,1,1998-99 Fleer Tradition Kobe Bryant Michael Jordan Variation  #1 Raw,Kobe Bryant,1998-99,Fleer Tradition,Michael Jordan Variation ,1,Basketball,Raw,100,1414.06,1314.06,,,,
12/30/2020,1,2020 Topps Juan Soto World Series #6 Raw,Juan Soto,2020,Topps,World Series,6,Baseball,Raw,12,106.55,94.55,,,,
09/16/1995,1,"1990-91 NBA Hoops Michael Jordan NBA Hoops All Star Weekend Miami Feb.9-11,1990 #5 Raw",Michael Jordan,1990-91,NBA Hoops,"NBA Hoops All Star Weekend Miami Feb.9-11,1990",5,Basketball,Raw,16,209.82,193.82,,,,
01/10/1988,1,1987 Topps Rodger Clemens Allstar #614 Raw,Rodger Clemens,1987,Topps,Allstar,614,Baseball,Raw,7,122.58,115.58,,,,
12/30/2020,1,2020 Topps Chrome Update Mike Trout All  Star Game #U-69 Raw,Mike Trout,2020,Topps Chrome Update,All  Star Game,U-69,Baseball,Raw,70,310.45,240.45,,,,
12/30/2021,1,2021 Panini Chronicles Draft Picks Davion Mitchell Marquee Rainbow Holo #150 Raw,Davion Mitchell,2021,Panini Chronicles Draft Picks,Marquee Rainbow Holo,150,Basketball,Raw,20,354.90,334.90,,,,
12/30/2020,1,2020 Donruss Optic Lamar Jackson Base #11 Raw,Lamar Jackson,2020,Donruss Optic,Base,11,Football,Raw,24,385.00,361.00,,,,
12/30/2020,1,2020 Topps Attax Aristides Aquino Big League #NNO Raw,Aristides Aquino,2020,Topps Attax,Big League,NNO,Baseball,Raw,6,163.36,157.36,,,,
12/30/2020,1,2020 Sage Hit Tua Tagovailoa Next Level Premier Draft #96 Raw,Tua Tagovailoa,2020,Sage Hit,Next Level Premier Draft,96,Football,Raw,16,13.31,-2.69,,,,
12/30/2021,1,2020-21 Panini Flux Robert Covington Silver Pulsar #150 Raw,Robert Covington,2020-21,Panini Flux,Silver Pulsar,150,Basketball,Raw,22,301.43,279.43,,,,
12/30/2019,1,2019 Panini Mosaic James Harden MVP’s Choice Red Fusion #296 Raw,James Harden,2019,Panini Mosaic,MVP’s Choice Red Fusion,296,Basketball,Raw,20,179.52,159.52,,,,
12/30/2021,1,2021 Panini Prizm WNBA Sue Bird Silver  #65 Raw,Sue Bird,2021,Panini Prizm WNBA,Silver ,65,Basketball,Raw,10,60.42,50.42,,,,
12/30/2021,1,2021 Topps Project 70 Juan Soto Morning Breath #189 Raw,Juan Soto,2021,Topps Project 70,Morning Breath,189,Baseball,Raw,50,87.93,37.93,,,,
02/03/1991,1,1965 Topps Tony Conigliaro Topps 1964 All-Star Rookie #55 Raw,Tony Conigliaro,1965,Topps,Topps 1964 All-Star Rookie,55,Baseball,Raw,1,491.81,490.81,,,,
01/01/2023,1,2022 Topps Opening Day Ryan Mountcastle #Opening Day Raw,Ryan Mountcastle,2022,Topps Opening Day,,Opening Day,Baseball,Raw,65,37.81,-27.19,,,,
01/03/2022,1,2020-21 Panini Mosaic La Liga Ander Barrenetxea Rookie Card #52 Raw,Ander Barrenetxea,2020-21,Panini Mosaic La Liga,Rookie Card,52,Soccer,Raw,20,363.53,343.53,,,,
01/03/2022,1,2021 Leaf Draft Zach Wilson Blue #48 Raw,Zach Wilson,2021,Leaf Draft,Blue,48,Football,Raw,5,37.68,32.68,,,,
01/01/2023,1,2022 Topps Opening Day Nelson Cruz #110 Raw,Nelson Cruz,2022,Topps Opening Day,,110,Baseball,Raw,16,216.14,200.14,,,,
01/03/2022,1,2021 Topps Heritage Miguel Rojas #9 Raw,Miguel Rojas,2021,Topps Heritage,,9,Baseball,Raw,6,102.38,96.38,,,,
01/03/2020,1,2019-20 Topps Match Attax  UEFA Champions League Kostas Manolas Pro Performer Gold #PP10 Raw,Kostas Manolas,2019-20,Topps Match Attax  UEFA Champions League,Pro Performer Gold,PP10,Soccer,Raw,15,432.44,417.44,,,,
01/02/2022,1,2021 Panini Prizm WNBA Rennia Davis Prizms Green  #97 Raw,Rennia Davis,2021,Panini Prizm WNBA,Prizms Green ,97,Basketball,Raw,25,295.73,270.73,,,,
12/26/2021,1,2021 Topps Project 70 Ken Griffey Jr. Artist Proof Signatures #69 Raw,Ken Griffey Jr.,2021,Topps Project 70,Artist Proof Signatures,69,Baseball,Raw,50,364.14,314.14,,,,
12/26/2021,1,2021 Topps Project 70 Stan Musial Artist Proof #317 Raw,Stan Musial,2021,Topps Project 70,Artist Proof,317,Baseball,Raw,50,273.18,223.18,,,,
12/26/2021,1,2021 Topps Project 70 Randy Johnson Big-Unit Artist Proof Shoe Surgeon  #318 Raw,Randy Johnson Big-Unit,2021,Topps Project 70,Artist Proof Shoe Surgeon ,318,Baseball,Raw,50,379.96,329.96,,,,
12/26/2021,1,2021 Topps Project 70 Jackie Robinson Artist Proof Jonas Never #126 Raw,Jackie Robinson,2021,Topps Project 70,Artist Proof Jonas Never,126,Baseball,Raw,50,300.77,250.77,,,,
12/26/2021,1,2021 Topps Project 70 Rod Carew Artist proof Futura #314 Raw,Rod Carew,2021,Topps Project 70,Artist proof Futura,314,Baseball,Raw,105,194.90,89.90,,,,Card Design: 1978 Topps Baseball
12/26/2021,1,2021 Topps Project 70 Deion Sanders Artist Proof Don C Gold  #44 Raw,Deion Sanders,2021,Topps Project 70,Artist Proof Don C Gold ,44,Baseball,Raw,50,198.68,148.68,,,,Card Design: 1990 Topps Baseball
12/26/2021,1,2021 Topps Project 70 Pete Alonso Artist Proof  #316 Raw,Pete Alonso,2021,Topps Project 70,Artist Proof ,316,Baseball,Raw,50,125.59,75.59,,,,
01/02/2021,1,2020 Score A.J. Green Rookie Card #331 Raw,A.J. Green,2020,Score,Rookie Card,331,Football,Raw,101,639.72,538.72,,,,
12/31/2021,1,2020 Donruss Barry Sanders Base #102 Raw,Barry Sanders,2020,Donruss,Base,102,Football,Raw,120,295.67,175.67,,,,
12/04/2020,1,2020 Darkness Ablaze Charizard V Ultra Rare  #019/189 Raw,Charizard V,2020,Darkness Ablaze,Ultra Rare ,019/189,Pokemon,Raw,150,507.56,357.56,,,,
12/31/2019,1,2019 Hoops Premium Stock Kendrick Nunn Arriving Now Prizm Orange #7 Raw,Kendrick Nunn,2019,Hoops Premium Stock,Arriving Now Prizm Orange,7,Basketball,Raw,275,1124.22,849.22,,,,
12/31/2021,1,2021 Lead Draft Trevor Lawrence Blue #1 Raw,Trevor Lawrence,2021,Lead Draft,Blue,1,Football,Raw,2,28.19,26.19,,,,
12/31/2020,1,2020 Topps Austin Riley Future Stars #266 Raw,Austin Riley,2020,Topps,Future Stars,266,Baseball,Raw,16,220.98,204.98,,,,
12/31/2018,1,2018 Panini Prizm  Xavier Rhodes Prizm Green #77 Raw,Xavier Rhodes,2018,Panini Prizm ,Prizm Green,77,Football,Raw,111,284.50,173.50,,,,
12/31/2021,1,2021 Topps Heritage Astros 2021 Rookie Stars #211 Raw,Astros 2021 Rookie Stars,2021,Topps Heritage,,211,Baseball,Raw,15,178.31,163.31,,,,
01/04/2005,1,2003-04 Upper Deck LeBron James Phenominal Begginings LeBron James Silver #12 Raw,LeBron James,2003-04,Upper Deck LeBron James Phenominal Begginings,Silver,12,Basketball,Raw,120,4887.56,4767.56,,,,
12/31/2017,1,2017 Panini Revolution Manuel Neuer Vortex Disco #V-17 Raw,Manuel Neuer,2017,Panini Revolution,Vortex Disco,V-17,Soccer,Raw,120,9104.08,8984.08,,,,
12/22/2020,1,2019-20 Topps Match Attax UEFA Champions League Harry Winks Mini Silver Diamond Sparkles #M-TOT Raw,Harry Winks,2019-20,Topps Match Attax UEFA Champions League,Mini Silver Diamond Sparkles,M-TOT,Soccer,Raw,16,927.02,911.02,,,,
12/31/2020,1,2019-20 Topps Match Attax UEFA Champions League Luka Modric World Class Superstars #WCU10 Raw,Luka Modric,2019-20,Topps Match Attax UEFA Champions League,World Class Superstars,WCU10,Soccer,Raw,160,121.67,-38.33,,,,
12/24/2017,1,2017 Panini Revolution  Francesco Totti Galactic #96 Raw,Francesco Totti,2017,Panini Revolution ,Galactic,96,Soccer,Raw,26,2743.78,2717.78,,,,
12/24/2017,1,2017 Panini Revolution Gonzalo Higuain Galactic #39 Raw,Gonzalo Higuain,2017,Panini Revolution,Galactic,39,Soccer,Raw,12,1138.01,1126.01,,,,
12/24/2017,1,2017 Panini Revolution Philipp Lahm Galactic #82 Raw,Philipp Lahm,2017,Panini Revolution,Galactic,82,Soccer,Raw,12,1560.56,1548.56,,,,
01/01/2021,1,2020 Panini Mosaic La Liga Lucas Perez Will to win Mosaic Orange  #34 Raw,Lucas Perez,2020,Panini Mosaic La Liga,Will to win Mosaic Orange ,34,Soccer,Raw,25,238.62,213.62,,,,
12/24/2017,1,2017 Panini Revolution Amin Younes Galactic #149 Raw,Amin Younes,2017,Panini Revolution,Galactic,149,Soccer,Raw,12,1229.65,1217.65,,,,K
12/24/2017,1,2017 Panini Revolution Lucas Moura Galactic #107 Raw,Lucas Moura,2017,Panini Revolution,Galactic,107,Soccer,Raw,12,1689.06,1677.06,,,,
02/10/2023,1,2022 Panini Absolute Juan Soto Green  #36 Raw,Juan Soto,2022,Panini Absolute,Green ,36,Baseball,Raw,31.5,109.43,77.93,,,,
01/01/2023,1,2022 Bowman Lenyn Sosa Chrome Prospects Refractor  #BCP-76 Raw,Lenyn Sosa,2022,Bowman,Chrome Prospects Refractor ,BCP-76,Baseball,Raw,16,221.07,205.07,,,,
01/01/2023,1,2022 Bowman Luisangel Acuña Virtuosic Vibrations  #VV-19 Raw,Luisangel Acuña,2022,Bowman,Virtuosic Vibrations ,VV-19,Baseball,Raw,6,64.54,58.54,,,,
01/01/2023,1,2022 Topps Opening Day  Xander Bogaerts Opening Day #173 Raw,Xander Bogaerts,2022,Topps Opening Day ,Opening Day,173,Baseball,Raw,13,456.27,443.27,,,,
01/01/2023,1,2022 Topps Opening Day  Luis Robert Opening Day  #155 Raw,Luis Robert,2022,Topps Opening Day ,Opening Day ,155,Baseball,Raw,12,52.83,40.83,,,,
03/28/1995,1,1992  Fleer Michael Jordan Total D #5 Raw,Michael Jordan,1992 ,Fleer,Total D,5,Basketball,Raw,120,25894.72,25774.72,,,,
01/01/2023,1,2022 Panini Absolute Stan Musial #12 Raw,Stan Musial,2022,Panini Absolute,,12,Baseball,Raw,6,132.36,126.36,,,,
01/01/2023,1,2022 Panini Absolute Jimmie Foxx #4 Raw,Jimmie Foxx,2022,Panini Absolute,,4,Baseball,Raw,6,167.08,161.08,,,,
01/01/2023,1,2022 Panini Absolute Reid Detmers Rookie Class #RC-10 Raw,Reid Detmers,2022,Panini Absolute,Rookie Class,RC-10,Baseball,Raw,6,82.16,76.16,,,,
01/12/2020,1,2019-20 Panini Hoops Premium Stock  Draymond Green #62 Raw,Draymond Green,2019-20,Panini Hoops Premium Stock ,,62,Basketball,Raw,75,1197.70,1122.70,,,,
01/08/2020,1,2019-20 Panini Mosaic Chris Paul Base #143 Raw,Chris Paul,2019-20,Panini Mosaic,Base,143,Basketball,Raw,22,86.17,64.17,,,,
01/08/2020,1,2019-20 Panini Mosaic  Caris LeVert Base #51 Raw,Caris LeVert,2019-20,Panini Mosaic ,Base,51,Basketball,Raw,22,529.85,507.85,,,,
12/28/2019,1,2018-19 Donruss Optic Danny Green #111 Raw,Danny Green,2018-19,Donruss Optic,,111,Basketball,Raw,12,221.91,209.91,,,,
01/13/2020,1,2019-20 Panini Hoops Premium Stock Aaron Holiday #74 Raw,Aaron Holiday,2019-20,Panini Hoops Premium Stock,,74,Basketball,Raw,12,105.74,93.74,,,,
01/17/2020,1,2020 Donruss Jalen Hurts Rated Rookie #514 Raw,Jalen Hurts,2020,Donruss,Rated Rookie,514,Football,Raw,75,1533.89,1458.89,,,,
12/31/2020,1,2020 Panini Absolute Rob Gronkowski Retail #43 Raw,Rob Gronkowski,2020,Panini Absolute,Retail,43,Football,Raw,25,100.66,75.66,,,,
12/29/2020,1,2020 Panini Illusions  Troy Polamalu Living Legends  #LL10 Raw,Troy Polamalu,2020,Panini Illusions ,Living Legends ,LL10,Football,Raw,12,2799.01,2787.01,,,,
01/23/2003,1,1989 Donruss Ken Griffey Jr. Rated Rookie Error Card #33 Raw,Ken Griffey Jr.,1989,Donruss,Rated Rookie Error Card,33,Baseball,Raw,300,1809.62,1509.62,,,,"Red dot , Blue dot"
12/27/2017,1,2017 Topps Aaron Judge All Star Game 2017 Rookie Card #287 Raw,Aaron Judge,2017,Topps,All Star Game 2017 Rookie Card,287,Baseball,Raw,160,729.10,569.10,,,,
12/31/2019,1,2019-20 Panini Prizm  Karl Malone Green Prizm #19 PSA 10,Karl Malone,2019-20,Panini Prizm ,Green Prizm,19,Basketball,PSA 10,200,897.00,697.00,,75756172,1,
02/28/1986,1,1962 Topps Ernie Banks #25 Raw,Ernie Banks,1962,Topps,,25,Baseball,Raw,400.82,3382.94,2982.12,,,,Poor Condition
01/01/2023,1,2022 Topps Chrome Mike Trout 1987 Topps Baseball Orange Refractor #87BC-1 Raw,Mike Trout,2022,Topps Chrome,1987 Topps Baseball Orange Refractor,87BC-1,Baseball,Raw,400,214.18,-185.82,,,,
01/07/2023,1,2022 Panini Prestige Skyy Moore Rookie Card #372 Raw,Skyy Moore,2022,Panini Prestige,Rookie Card,372,Football,Raw,12,177.15,165.15,,,,
12/31/2021,1,2020-21 Panini Prizm  James Harden Multicolr Prizm #112 Raw,James Harden,2020-21,Panini Prizm ,Multicolr Prizm,112,Basketball,Raw,260,307.74,47.74,,,,
12/31/2022,1,2022 Panini Select Draft Picks Patrick Mahomes II Field Level Prizm  Red Lazer Prizm #124 Raw,Patrick Mahomes II,2022,Panini Select Draft Picks,Field Level Prizm  Red Lazer Prizm,124,Football,Raw,25,304.17,279.17,,,,
12/31/2022,1,2022 Panini Mosaic Prizm Scripts Holo Domingo Acevedo Prizm Script Autographs Holo #SC-DA Raw,Domingo Acevedo,2022,Panini Mosaic Prizm Scripts Holo,Prizm Script Autographs Holo,SC-DA,Baseball,Raw,75,1434.33,1359.33,,,,
11/09/2022,1,2022  Panini Prizm WNBA  Cynthia Cooper-Dyke 25th Anniversary Prizm Green #160 SGC 9.5,Cynthia Cooper-Dyke,2022 ,Panini Prizm WNBA ,25th Anniversary Prizm Green,160,Basketball,SGC 9.5,100,1389.72,1289.72,,BAC001888725,1,
03/04/1999,1,1989 Topps Ken Griffey Traded Bases #40T Raw,Ken Griffey,1989,Topps,Traded Bases,40T,Baseball,Raw,2,336.40,334.40,,,,
03/28/2011,1,2010 Donruss Rated Rookies Rob Gronkowski Rated Rookies #84 PSA 8,Rob Gronkowski,2010,Donruss Rated Rookies,Rated Rookies,84,Football,PSA 8,35,246.89,211.89,,65834811,59,
01/07/2018,1,2017 Topps Now Off-Season Shohei Ohtani Off-Season #OS-80 PSA 10,Shohei Ohtani,2017,Topps Now Off-Season,Off-Season,OS-80,Baseball,PSA 10,150,5036.64,4886.64,,65834809,1313,
01/07/2021,1,2020 Panini Chronicles James Wiseman #115 PSA 9,James Wiseman,2020,Panini Chronicles,,115,Basketball,PSA 9,35,226.80,191.80,,65437422,3,
01/07/2020,1,2019 Panini Hoops Premium Stock Kz Okpala Red Wave #226 PSA 9,Kz Okpala,2019,Panini Hoops Premium Stock,Red Wave,226,Basketball,PSA 9,35,1950.57,1915.57,,65437416,1,
02/02/2016,1,2015 Panini Contenders Draft Picks Game Day Tickets Marcus Mariota Game Day Tickets #31 PSA 9,Marcus Mariota,2015,Panini Contenders Draft Picks Game Day Tickets,Game Day Tickets,31,Football,PSA 9,35,306.07,271.07,,65437415,11,
12/30/2021,1,2021 Panini Donruss Rated Prospects Wander Franco Rated Prospects-Rapture #RP1 PSA 10,Wander Franco,2021,Panini Donruss Rated Prospects,Rated Prospects-Rapture,RP1,Baseball,PSA 10,35,18.68,-16.32,,65834804,45,
12/27/2020,1,2020 Panini Chronicles Stephen Curry #106 PSA 9,Stephen Curry,2020,Panini Chronicles,,106,Basketball,PSA 9,18,303.91,285.91,,65437409,5,
12/29/2021,1,2021 Panini Donruss Anthony Edwards Holo Green/Yellow Laser #175 PSA 9,Anthony Edwards,2021,Panini Donruss,Holo Green/Yellow Laser,175,Basketball,PSA 9,35,462.44,427.44,,65437419,2,
01/07/2021,1,2020 Panini Chronicles Stephen Curry #282 PSA 9,Stephen Curry,2020,Panini Chronicles,,282,Basketball,PSA 9,18,303.91,285.91,,65437408,7,
01/07/2021,1,2020 Panini Chronicles Luka Doncic #300 PSA 9,Luka Doncic,2020,Panini Chronicles,,300,Basketball,PSA 9,175,514.76,339.76,,65437425,6,
12/30/2021,1,2021 Panini Illusions Mac Jones Retail #64 PSA 10,Mac Jones,2021,Panini Illusions,Retail,64,Football,PSA 10,35,13.90,-21.10,,65437423,218,
01/07/2022,1,2021 Topps 1952 Topps Redux Dylan Carlson 1952 Topps Redux-Chrome #TC5233 PSA 10,Dylan Carlson,2021,Topps 1952 Topps Redux,1952 Topps Redux-Chrome,TC5233,Baseball,PSA 10,35,208.33,173.33,,65834802,55,
09/07/2000,1,1998 Upper Deck International Mj Stickers Michael Jordan Mj Stickers #101 PSA 4,Michael Jordan,1998,Upper Deck International Mj Stickers,Mj Stickers,101,Basketball,PSA 4,300,6391.08,6091.08,,65437413,1,
03/07/2000,1,1998 Upper Deck Jordan Michael Jordan Stick-Ums Michael Jordan Michael Jordan Stick-Ums #SU27 PSA 9,Michael Jordan,1998,Upper Deck Jordan Michael Jordan Stick-Ums,Michael Jordan Stick-Ums,SU27,Basketball,PSA 9,300,38914.84,38614.84,,65834803,1,
04/27/2000,1,1998 Upper Deck International Mj Stickers Michael Jordan Mj Stickers #59 PSA 8,Michael Jordan,1998,Upper Deck International Mj Stickers,Mj Stickers,59,Basketball,PSA 8,150,2568.48,2418.48,,65834807,10,
12/30/2020,1,2020 Topps Chrome Update Sapphire Edition Adam Plutko Sapphire Edition-Green #294 PSA 10,Adam Plutko,2020,Topps Chrome Update Sapphire Edition,Sapphire Edition-Green,294,Baseball,PSA 10,35,1182.92,1147.92,,65437430,1,14/45
10/11/2023,1,1998 Upper Deck International Mj Stickers Michael Jordan Mj Stickers #102 PSA 5,Michael Jordan,1998,Upper Deck International Mj Stickers,Mj Stickers,102,Basketball,PSA 5,3896.42,9102.03,5205.61,,65437414,2,
03/29/2003,1,1998 Upper Deck International Mj Stickers Michael Jordan Mj Stickers #13 PSA 7,Michael Jordan,1998,Upper Deck International Mj Stickers,Mj Stickers,13,Basketball,PSA 7,350,7412.49,7062.49,,65834808,4,
07/23/2006,1,1998 Upper Deck International Mj Stickers Michael Jordan Mj Stickers #23 PSA 5,Michael Jordan,1998,Upper Deck International Mj Stickers,Mj Stickers,23,Basketball,PSA 5,300,10690.61,10390.61,,65437412,2,
01/07/2022,1,2021 Panini Illusions Trevor Lawrence Retail #59 PSA 9,Trevor Lawrence,2021,Panini Illusions,Retail,59,Football,PSA 9,65,212.51,147.51,,65437424,140,
01/01/2022,1,2021 Panini Illusions Ja'marr Chase Retail #65 PSA 10,Ja'marr Chase,2021,Panini Illusions,Retail,65,Football,PSA 10,35,172.00,137.00,,65437428,95,
12/07/2021,1,2021 Topps Project70 Mickey Mantle Rainbow Foil #321 PSA 8,Mickey Mantle,2021,Topps Project70,Rainbow Foil,321,Baseball,PSA 8,3500,4060.68,560.68,,65834810,1,#55/75
01/04/2022,1,2021 Topps Fire Spencer Howard Green #35 PSA 9,Spencer Howard,2021,Topps Fire,Green,35,Baseball,PSA 9,35,1212.03,1177.03,,65437429,1,#42/199
12/31/2021,1,2021 Panini Illusions Clear Shots Tom Brady Clear Shots #CS-3 PSA 9,Tom Brady,2021,Panini Illusions Clear Shots,Clear Shots,CS-3,Football,PSA 9,165,338.72,173.72,,65437421,3,
01/07/2021,1,2020 Panini Chronicles Anthony Edwards #101 PSA 9,Anthony Edwards,2020,Panini Chronicles,,101,Basketball,PSA 9,18,95.13,77.13,,65437420,28,
01/07/2020,1,2019 Panini Chronicles Zion Williamson X #271 PSA 9,Zion Williamson,2019,Panini Chronicles,X,271,Basketball,PSA 9,15,7.37,-7.63,,65437418,1710,
01/07/2020,1,2019 Panini Chronicles Stephen Curry #51 PSA 9,Stephen Curry,2019,Panini Chronicles,,51,Basketball,PSA 9,18,124.80,106.80,,65437411,52,
12/31/2021,1,2021 Topps 70 Years Of Topps Baseball Rickey Henderson 70 Yrs/Topps Bb-Chrome #20 PSA 10,Rickey Henderson,2021,Topps 70 Years Of Topps Baseball,70 Yrs/Topps Bb-Chrome,20,Baseball,PSA 10,600,880.11,280.11,,65437417,1,
02/01/2022,1,2021 Panini Donruss Elite Series Rookie Mac Jones Elite Series Rookie #ESRMJO PSA 9,Mac Jones,2021,Panini Donruss Elite Series Rookie,Elite Series Rookie,ESRMJO,Football,PSA 9,15,4.44,-10.56,,65834805,128,
01/07/2021,1,2020 Panini Donruss Optic Payton Pritchard Hyper Pink #176 PSA 9,Payton Pritchard,2020,Panini Donruss Optic,Hyper Pink,176,Basketball,PSA 9,15,9.99,-5.01,,65834801,5,
12/24/2020,1,2020 Panini Donruss Optic T-Minus 3...2...1 G.Antetokounmpo T-Minus 3...2...1-Holo #15 PSA 10,G.Antetokounmpo,2020,Panini Donruss Optic T-Minus 3...2...1,T-Minus 3...2...1-Holo,15,Basketball,PSA 10,345,139.42,-205.58,,65437427,6,
01/07/2019,1,2018 Panini Contenders Draft Picks Game Day Ticket Trae Young Game Day Ticket #6 PSA 10,Trae Young,2018,Panini Contenders Draft Picks Game Day Ticket,Game Day Ticket,6,Basketball,PSA 10,110,630.27,520.27,,65437426,62,
01/07/2022,1,2021 Panini Donruss Stephen Curry #68 PSA 10,Stephen Curry,2021,Panini Donruss,,68,Basketball,PSA 10,18,173.45,155.45,,65437410,5,
12/30/2020,1,2020 Panini Illusions Tom Brady Retail #1 Raw,Tom Brady,2020,Panini Illusions,Retail,1,Football,Raw,300,1017.05,717.05,,,,
02/03/2023,1,2021-22 Panini Donruss Optic LeBron James Target Box Set Silver Pulsar #41 PSA 9,LeBron James,2021-22,Panini Donruss Optic,Target Box Set Silver Pulsar,41,Basketball,PSA 9,200,1360.75,1160.75,,75756133,1,
01/20/2023,1,2022 Topps Complete Set Wander Franco Rookie Chrome Variations #215 PSA 10,Wander Franco,2022,Topps Complete Set,Rookie Chrome Variations,215,Baseball,PSA 10,500,1456.24,956.24,,75756129,1,None graded higher
12/20/2022,1,2021-22 Donruss Optic DeMar DeRozen White Photon  Prizm #28 PSA 10,DeMar DeRozen,2021-22,Donruss Optic,White Photon  Prizm,28,Basketball,PSA 10,350,1511.60,1161.60,,75756128,1,
12/19/2021,1,2021-22 Panini NBA Sticker & Card Collection  Keldon Johnson European Cracked Ice  Edition #470 Raw,Keldon Johnson,2021-22,Panini NBA Sticker & Card Collection ,European Cracked Ice  Edition,470,Basketball,Raw,12,164.71,152.71,,,,
12/20/2021,1,2021-22 Panini NBA Sticker & Card Collection Kristaps Porzingis European Edition Cracked Ice Sticker #303 Raw,Kristaps Porzingis,2021-22,Panini NBA Sticker & Card Collection,European Edition Cracked Ice Sticker,303,Basketball,Raw,22,23.30,1.30,,,,
12/20/2021,1,2021-22  Panini NBA Sticker & Card Collection Caris LeVert European Edition Cracked Ice Sticker #197 Raw,Caris LeVert,2021-22 ,Panini NBA Sticker & Card Collection,European Edition Cracked Ice Sticker,197,Basketball,Raw,22,176.71,154.71,,,,
12/20/2021,1,2021-22 Panini NBA Sticker & Card Collection Donovan Mitchell European Edition Cracked  Ice Sticker #485 Raw,Donovan Mitchell,2021-22,Panini NBA Sticker & Card Collection,European Edition Cracked  Ice Sticker,485,Basketball,Raw,22,206.24,184.24,,,,
12/20/2021,1,2021-22  Panini NBA Sticker & Card Collection  Tobias Harris European Cracked Ice Edition #262 Raw,Tobias Harris,2021-22 ,Panini NBA Sticker & Card Collection ,European Cracked Ice Edition,262,Basketball,Raw,20,118.72,98.72,,,,
12/20/2021,1,2021-22 Panini NBA Sticker & Card Collection Khris Middleton European Edition #223 Raw,Khris Middleton,2021-22,Panini NBA Sticker & Card Collection,European Edition,223,Basketball,Raw,10,91.82,81.82,,,,
12/20/2021,1,2021-22 Panini NBA Sticker & Card Collection Saddiq Bey European Edition Cracked Ice Sticker #186 Raw,Saddiq Bey,2021-22,Panini NBA Sticker & Card Collection,European Edition Cracked Ice Sticker,186,Basketball,Raw,22,150.33,128.33,,,,
12/20/2021,1,2021-22 Panini NBA Sticker & Card Collection Christian Wood European Edition #340 Raw,Christian Wood,2021-22,Panini NBA Sticker & Card Collection,European Edition,340,Basketball,Raw,10,14.75,4.75,,,,
12/20/2021,1,2021-20 Panini NBA Sticker & Card Collection  Paul George European Edition Cracked Ice Sticker #353 Raw,Paul George,2021-20,Panini NBA Sticker & Card Collection ,European Edition Cracked Ice Sticker,353,Basketball,Raw,22,112.48,90.48,,,,
12/20/2021,1,2021-22 Panini NBA Sticker & Card Collection Deandre Ayton European Edition Cracked Ice Sticker #433 Raw,Deandre Ayton,2021-22,Panini NBA Sticker & Card Collection,European Edition Cracked Ice Sticker,433,Basketball,Raw,22,165.25,143.25,,,,
12/20/2021,1,2021  Panini Select Tom Brady Select Numbers #SN-10 PSA 10,Tom Brady,2021 ,Panini Select,Select Numbers,SN-10,Football,PSA 10,357,658.56,301.56,,75756176,1,
12/23/2020,1,2020 Panini Illusions Tom Brady Retail #1 SGC 9,Tom Brady,2020,Panini Illusions,Retail,1,Football,SGC 9,5000,16950.79,11950.79,,0805813,1,
12/20/2020,1,2020 Panini Illusions Tom Brady Retail #1 SGC 9.5,Tom Brady,2020,Panini Illusions,Retail,1,Football,SGC 9.5,5000,16950.79,11950.79,,BAC001888719,1,
12/27/2021,1,2021-22 Panini NBA Sticker & Card Collection  Anthony Edwards European Edition Card #397 Raw,Anthony Edwards,2021-22,Panini NBA Sticker & Card Collection ,European Edition Card,397,Basketball,Raw,22,793.25,771.25,,,,
12/26/2021,1,2021-22 Panini NBA Sticker & Card Collection Jamal Murray European Edition Card #318 Raw,Jamal Murray,2021-22,Panini NBA Sticker & Card Collection,European Edition Card,318,Basketball,Raw,22,6.75,-15.25,,,,
12/28/2021,1,2021-22 Panini NBA Sticker & Card Collection  Michael Porter Jr. European Edition Sticker #315 Raw,Michael Porter Jr.,2021-22,Panini NBA Sticker & Card Collection ,European Edition Sticker,315,Basketball,Raw,12,81.97,69.97,,,,
12/29/2021,1,2021-22 Panini NBA Sticker & Card Collection  Mo Bamba European Edition Card #260 Raw,Mo Bamba,2021-22,Panini NBA Sticker & Card Collection ,European Edition Card,260,Basketball,Raw,22,49.64,27.64,,,,
12/28/2021,1,2021-22 Panini NBA Sticker & Card Collection  Anthony Davis European Edition Card #370 Raw,Anthony Davis,2021-22,Panini NBA Sticker & Card Collection ,European Edition Card,370,Basketball,Raw,22,476.70,454.70,,,,
12/28/2021,1,2021-22 Panini NBA Sticker & Card Collection Shai Gilgeous-Alexander European Edition Card #423 Raw,Shai Gilgeous-Alexander,2021-22,Panini NBA Sticker & Card Collection,European Edition Card,423,Basketball,Raw,22,1695.55,1673.55,,,,
12/27/2021,1,2021-22 Panini NBA Sticker & Card Collection  Dillon Brooks European Edition Sticker #380 Raw,Dillon Brooks,2021-22,Panini NBA Sticker & Card Collection ,European Edition Sticker,380,Basketball,Raw,12,478.96,466.96,,,,
12/23/2021,1,2021-22 Panini NBA Sticker & Card Collection Giannis Antetokounmpo European Edition All Star Sticker #32 Raw,Giannis Antetokounmpo,2021-22,Panini NBA Sticker & Card Collection,European Edition All Star Sticker,32,Basketball,Raw,35,11.72,-23.28,,,,
12/30/2020,1,2020 Donruss Optic  Christian Wood Fast Break Red  #11 Raw,Christian Wood,2020,Donruss Optic ,Fast Break Red ,11,Basketball,Raw,15,67.71,52.71,,,,
12/04/2018,2,2018 Panini Revolution LeBron James #40 PSA 10,LeBron James,2018,Panini Revolution,,40,Basketball,PSA 10,30,1940.22,1880.22,,61863825,,
12/18/2020,1,2020 Donruss Optic Kevin Porter Jr. Fast Break Red #115 Raw,Kevin Porter Jr.,2020,Donruss Optic,Fast Break Red,115,Basketball,Raw,70,271.94,201.94,,,,
12/29/2020,1,2020 Donruss Optic  Ricky Rubio Fast Break Red #138 Raw,Ricky Rubio,2020,Donruss Optic ,Fast Break Red,138,Basketball,Raw,29,2288.01,2259.01,,,,
12/04/2021,1,2021-22 Panini NBA Sticker & Card Collection Kawhi  Leonard European Edition Sticker #356 Raw,Kawhi  Leonard,2021-22,Panini NBA Sticker & Card Collection,European Edition Sticker,356,Basketball,Raw,22,1021.16,999.16,,,,
12/28/2022,1,2022 Select Draft Picks Jalen Tolbert Rk.Sig-Gold Lzr.Prz. #RSJTO PSA 9/Auto 10,Jalen Tolbert,2022,Select Draft Picks,Rk.Sig-Gold Lzr.Prz.,RSJTO,Football,PSA 9/Auto 10,3500,14562.45,11062.45,,72388608,1,
12/28/2022,1,2022-23 Panini Prizm Draft Picks  Anthony Black Signatures Prizm Green #FS-ABL SGC 9.5/Auto 10,Anthony Black,2022-23,Panini Prizm Draft Picks ,Signatures Prizm Green,FS-ABL,Basketball,SGC 9.5/Auto 10,150,1721.19,1571.19,,2575433,1,
02/08/2023,1,2022 Bowman Inception  Harry Ford Primordial Prospect Autograpghs #PPA-HF Raw,Harry Ford,2022,Bowman Inception ,Primordial Prospect Autograpghs,PPA-HF,Baseball,Raw,100,295.75,195.75,,,,11/75
07/08/2021,1,2021-22 Topps Project 70 Mike Trout PR8459 #64 Raw,Mike Trout,2021-22,Topps Project 70,PR8459,64,Baseball,Raw,50,267.73,217.73,,,,
12/29/2022,1,2022 Panini Select Draft Picks Trey Lance Gold Lazer Prizm #40 BGS 9.5,Trey Lance,2022,Panini Select Draft Picks,Gold Lazer Prizm,40,Football,BGS 9.5,432.16,393.55,-38.61,,BAC001888720,1,
12/29/2018,1,2018 Topps Chrome Rookie Autographs Felix Jorge Rookie Autograph Blue Wave Refractor  #RA-FJ PSA 10/Auto 10,Felix Jorge,2018,Topps Chrome Rookie Autographs,Rookie Autograph Blue Wave Refractor ,RA-FJ,Baseball,PSA 10/Auto 10,150,6402.18,6252.18,,BAC001888722,1,
04/10/2018,1,2017 Panini Donruss Optic  Solomon Thomas Rookie Autographs Bronze #116 PSA 10/Auto 10,Solomon Thomas,2017,Panini Donruss Optic ,Rookie Autographs Bronze,116,Football,PSA 10/Auto 10,321,815.07,494.07,,BAC001888724,,
12/30/2022,1,2021-22 Skybox Metal Universe Cale Makar #45 Raw,Cale Makar,2021-22,Skybox Metal Universe,,45,Hockey,Raw,30,251.95,221.95,,,,
12/23/2018,1,2018 Topps Now Ronald Acuña Jr. Error Card. Misspelled  name #125 Raw,Ronald Acuña Jr.,2018,Topps Now,Error Card. Misspelled  name,125,Baseball,Raw,18,966.03,948.03,,,,"Error Card . Mispelled name . 
Name should be : Ronald Acuña Jr. "
04/14/2023,1,2022 Bowman Inception Autographs Harry Ford  Primordial Prospect #PPA-HF SGC 10/Auto 10,Harry Ford,2022,Bowman Inception Autographs,Primordial Prospect,PPA-HF,Baseball,SGC 10/Auto 10,2056.72,14562.45,12505.73,,1100882,1,11/75
02/08/2023,1,2022 Bowman Inception William Bergolla Orange #15 SGC 10,William Bergolla,2022,Bowman Inception,Orange,15,Baseball,SGC 10,100,1456.24,1356.24,,0847071,1,#3/25
02/08/2023,1,2022-23 Panini Prizm Draft Picks  Trey Mcgowens Penmanship Blue Ice Prizm #CP-TMC SGC 8.5,Trey Mcgowens,2022-23,Panini Prizm Draft Picks ,Penmanship Blue Ice Prizm,CP-TMC,Basketball,SGC 8.5,356,760.51,404.51,,7075588,1,41/75
12/28/2022,1,2022-23 Panini Prizm Draft Picks  Anthony Black Freshman Signatures #FS-ABL SGC 9/Auto 10,Anthony Black,2022-23,Panini Prizm Draft Picks ,Freshman Signatures,FS-ABL,Basketball,SGC 9/Auto 10,245,1521.02,1276.02,,6387224,1,
12/30/2022,1,2022-23 Panini Prizm Draft Picks Trent Frazier Orange Pulsar Prizm #DP-TFR SGC 9/Auto 10,Trent Frazier,2022-23,Panini Prizm Draft Picks,Orange Pulsar Prizm,DP-TFR,Basketball,SGC 9/Auto 10,453,760.51,307.51,,0251782,1,20/49
02/08/2023,1,2022 Bowman Inception Bryan Acuna Inception Silver Signings 48/100 #ISS-BA SGC 10/Auto 10,Bryan Acuna,2022,Bowman Inception,Inception Silver Signings 48/100,ISS-BA,Baseball,SGC 10/Auto 10,300,14562.45,14262.45,,6016371,1,48/100
12/30/2020,1,2020 Panini Illusions Tom Brady Retail #1 PSA 10,Tom Brady,2020,Panini Illusions,Retail,1,Football,PSA 10,3500,113311.87,109811.87,,75756132,1,None graded higher.
12/31/2021,1,2022 Prizm Draft Picks Ja Morant Blue Ice Prizm #19 PSA 9,Ja Morant,2022,Prizm Draft Picks,Blue Ice Prizm,19,Basketball,PSA 9,437,1521.02,1084.02,,75756175,1,01/99
01/08/2023,1,2022 Bowman Julio Rodriguez Chrome Prospects #BCP45 PSA 10,Julio Rodriguez,2022,Bowman,Chrome Prospects,BCP45,Baseball,PSA 10,100,741.60,641.60,,75756174,1,
01/11/2022,1,2021 Mosaic Lebron James J/M-Orange Fluorescent #1 PSA 10,Lebron James,2021,Mosaic,J/M-Orange Fluorescent,1,Basketball,PSA 10,100,2423.12,2323.12,,75756127,1,22/25. None graded higher . 
12/25/2020,1,2020 Panini Flux Stephen Curry Blue Pulsar #55 PSA 10,Stephen Curry,2020,Panini Flux,Blue Pulsar,55,Basketball,PSA 10,197,598.70,401.70,,75756130,2,
12/08/2022,1,2022 Select Draft Picks Kenny Picket Blue Rookie #23 PSA 9,Kenny Picket,2022,Select Draft Picks,Blue Rookie,23,Football,PSA 9,345,755.80,410.80,,75756131,,
12/08/2022,1,2021 Panini Instant Tom Brady Super Bowl Lv Champions #1 PSA 10,Tom Brady,2021,Panini Instant,Super Bowl Lv Champions,1,Football,PSA 10,100,1597.29,1497.29,,75756177,3,None graded higher 
05/01/2023,1,2022-23 Panini NBA Prizm Monopoly Shai Gilgeous-Alexander Black Icons Prizm #62 Raw,Shai Gilgeous-Alexander,2022-23,Panini NBA Prizm Monopoly,Black Icons Prizm,62,Basketball,Raw,35,1084.47,1049.47,,,,
12/24/2021,1,2021-22 Panini NBA Sticker & Card Collection  Kenyon Martin Jr.  European Edition #348 Raw,Kenyon Martin Jr.,2021-22,Panini NBA Sticker & Card Collection ,European Edition,348,Basketball,Raw,100,987.59,887.59,,,,
12/24/2021,1,2021-22 Panini NBA Sticker & Card Collection  Luguentz Dort European Edition #422 Raw,Luguentz Dort,2021-22,Panini NBA Sticker & Card Collection ,European Edition,422,Basketball,Raw,100,550.19,450.19,,,,
12/24/2021,1,2021-22 Panini NBA Sticker & Card Collection Desmond Bane European Edition #386 Raw,Desmond Bane,2021-22,Panini NBA Sticker & Card Collection,European Edition,386,Basketball,Raw,100,61.39,-38.61,,,,
12/24/2021,1,2021-22 Panini NBA Sticker & Card Collection Devin Booker European Edition #438 Raw,Devin Booker,2021-22,Panini NBA Sticker & Card Collection,European Edition,438,Basketball,Raw,100,212.35,112.35,,,,
12/24/2021,1,2021-22 Panini NBA Sticker & Card Collection  Jaylen Brown European Edition #38 Raw,Jaylen Brown,2021-22,Panini NBA Sticker & Card Collection ,European Edition,38,Basketball,Raw,100,89.28,-10.72,,,,
01/27/2014,1,2012 Panini Absolute Spectrum Tom Brady Spectrum Silver #34 PSA 10,Tom Brady,2012,Panini Absolute Spectrum,Spectrum Silver,34,Football,PSA 10,500,24402.22,23902.22,,1004116004,1,
06/30/2022,1,2022  Leaf HOF Cut Signature Edition Chris Bosh HOF CUT SIGNATURE EDITION #NN PSA 9/Auto 9,Chris Bosh,2022 ,Leaf HOF Cut Signature Edition,HOF CUT SIGNATURE EDITION,NN,Basketball,PSA 9/Auto 9,100,9653.37,9553.37,,75755058,1,
06/30/2022,1,2022 Leaf Hof Cut Signature Ed Claude Humphrey Authentic #NN PSA 10/Auto 10,Claude Humphrey,2022,Leaf Hof Cut Signature Ed,Authentic,NN,Football,PSA 10/Auto 10,100,15813.84,15713.84,,75755059,1,
12/05/2017,1,2017 Panini Revolution Lionel Messi Sunburst #184 Raw,Lionel Messi,2017,Panini Revolution,Sunburst,184,Soccer,Raw,200,5792.57,5592.57,,,,
05/08/2017,1,2017 Panini Revolution Soccer Lucas Moura Vortex  #V-13 Raw,Lucas Moura,2017,Panini Revolution Soccer,Vortex ,V-13,Soccer,Raw,100,562.62,462.62,,,,
05/08/2017,1,2017 Panini Revolution Radja Nainggolan Sunburst #99 Raw,Radja Nainggolan,2017,Panini Revolution,Sunburst,99,Soccer,Raw,100,562.62,462.62,,,,
05/08/2017,1,2017 Panini Revolution  Yannick Carrasco Vortex #V-4 Raw,Yannick Carrasco,2017,Panini Revolution ,Vortex,V-4,Soccer,Raw,50,281.31,231.31,,,,
05/08/2017,1,2017 Panini Revolution Hakim Ziyech Sunburst #146 Raw,Hakim Ziyech,2017,Panini Revolution,Sunburst,146,Soccer,Raw,50,281.31,231.31,,,,
05/08/2017,1,2017 Panini Revolution Tomas Vaclik Sunburst #62 Raw,Tomas Vaclik,2017,Panini Revolution,Sunburst,62,Soccer,Raw,50,281.31,231.31,,,,
01/14/2023,1,2022 Panini Prizm Draft Picks Autographs Kennedy Chandler Blue Cracked Ice Prizm #DP-KEN Raw,Kennedy Chandler,2022,Panini Prizm Draft Picks Autographs,Blue Cracked Ice Prizm,DP-KEN,Basketball,Raw,100,157.42,57.42,,,,33/75
12/23/2022,1,2022 Donruss Optic Rated Rookie Signatures Riley Adams  Green Stars Prizm  #RRS-RA Raw,Riley Adams,2022,Donruss Optic Rated Rookie Signatures,Green Stars Prizm ,RRS-RA,Baseball,Raw,400.12,573.90,173.78,,,,49/49
12/25/2022,1,2022 Panini Prizm Draft Picks Autographs  Brock Jones Silver Prizm Autographs  #PDP65 Raw,Brock Jones,2022,Panini Prizm Draft Picks Autographs ,Silver Prizm Autographs ,PDP65,Baseball,Raw,489.85,672.96,183.11,,,,
01/14/2017,1,2016 Panini Prizm Collegiate Draft Picks Autographs S’UA CRAVENS Autographs Purple Flash Prizm  #176 Raw,S’UA CRAVENS,2016,Panini Prizm Collegiate Draft Picks Autographs,Autographs Purple Flash Prizm ,176,Football,Raw,100,865.21,765.21,,,,83/99
12/25/2021,1,2021 Panini Certified Freshman Fabic Mirror Signatures Ihmir Smith-Marsette Signature Jersey- Mirror Gold Etch  #242 Raw,Ihmir Smith-Marsette,2021,Panini Certified Freshman Fabic Mirror Signatures,Signature Jersey- Mirror Gold Etch ,242,Football,Raw,499,500.96,1.96,,,,225/499
02/25/2023,1,2023 Panini Donruss 90’s Retro Signatures  Henry Bolte 90’s Retro Signatures  #90S-HB Raw,Henry Bolte,2023,Panini Donruss 90’s Retro Signatures ,90’s Retro Signatures ,90S-HB,Baseball,Raw,1000,2215.14,1215.14,,,,1 of 1
01/04/2022,1,2021 Panini Prizm Draft Picks Base Autographs  Matt McLain  White Sparkle Prizm  #PDP17  Raw,Matt McLain,2021,Panini Prizm Draft Picks Base Autographs ,White Sparkle Prizm ,PDP17 ,Baseball,Raw,1000,1003.68,3.68,,,,31/50
12/25/2021,1,2021  Panini Diamond Kings Signatures Cristian Javier DK Signatures Masterpiece #DKS-CJ Raw,Cristian Javier,2021 ,Panini Diamond Kings Signatures,DK Signatures Masterpiece,DKS-CJ,Baseball,Raw,652.14,862.43,210.29,,,,
06/17/2021,1,2020 Bowman Platinum Top Prospects  Anthony Volpe Purple Refractor  #TOP-29 Raw,Anthony Volpe,2020,Bowman Platinum Top Prospects ,Purple Refractor ,TOP-29,Baseball,Raw,612.13,996.83,384.70,,,,028/250
12/27/2022,1,2022 Panini Mosaic  Thunder Lane  Josh Allen Thunder Lane Carolina Blue Silver Prizm #TL-19 Raw,Josh Allen,2022,Panini Mosaic  Thunder Lane ,Thunder Lane Carolina Blue Silver Prizm,TL-19,Football,Raw,100,1225.84,1125.84,,,,04/15
08/28/2023,1,2021-22  Donruss Optic  Devonte’ Graham Blue Velocity Prizm #120 Raw,Devonte’ Graham,2021-22 ,Donruss Optic ,Blue Velocity Prizm,120,Basketball,Raw,55.95,112.25,56.30,,,,
08/28/2022,1,2021-22  Donruss Optice  Kawhi Leonard My House Holo #7 Raw,Kawhi Leonard,2021-22 ,Donruss Optice ,My House Holo,7,Basketball,Raw,100,32.95,-67.05,,,,
12/29/2020,1,2020-21 Panini Select  Josh Green  Blue #78 Raw,Josh Green,2020-21,Panini Select ,Blue,78,Basketball,Raw,65,636.36,571.36,,,,
02/28/2022,1,2021 Topps Opening Day Ken Griffey Jr. Legends of Baseball #LOB-11 Raw,Ken Griffey Jr.,2021,Topps Opening Day,Legends of Baseball,LOB-11,Baseball,Raw,100,1307.24,1207.24,,,,
08/29/2021,1,2021  Topps X Mickey Mantle #27 Raw,Mickey Mantle,2021 ,Topps X,,27,Baseball,Raw,45,51.20,6.20,,,,
08/30/2022,1,2021 Topps Holiday Clayton Kershaw Holiday #HW82a Raw,Clayton Kershaw,2021,Topps Holiday,Holiday,HW82a,Baseball,Raw,412.47,495.38,82.91,,,,
08/30/2022,1,2021 Donruss Mariano Rivera #260 Raw,Mariano Rivera,2021,Donruss,,260,Baseball,Raw,261.75,274.02,12.27,,,,
08/30/2023,1,2021 Donruss Paul Molitor #257a Raw,Paul Molitor,2021,Donruss,,257a,Baseball,Raw,701.1,864.89,163.79,,,,
12/31/2022,1,2022 Panini Select Draft Picks  Kyle Pitts Blue #81 Raw,Kyle Pitts,2022,Panini Select Draft Picks ,Blue,81,Football,Raw,93.31,133.84,40.53,,,,
12/31/2020,1,2020 Panini Contenders Patrick Mahomes II #2 Raw,Patrick Mahomes II,2020,Panini Contenders,,2,Football,Raw,90.18,133.99,43.81,,,,
12/30/2021,1,2021 Panini Prizm Draft Picks Collegiate George Kittle Green Prizm  #50 Raw,George Kittle,2021,Panini Prizm Draft Picks Collegiate,Green Prizm ,50,Football,Raw,125,371.91,246.91,,,,
12/31/2022,1,2022 Panini Prestige :Extra Points Jalen Hurts Extra Points Sunburts #234 Raw,Jalen Hurts,2022,Panini Prestige :Extra Points,Extra Points Sunburts,234,Football,Raw,245.16,153.09,-92.07,,,,
12/26/2021,1,2021 Topps Heritage C.J. Cron #197 Raw,C.J. Cron,2021,Topps Heritage,,197,Baseball,Raw,35.68,54.16,18.48,,,,
12/30/2021,1,2021 Topps Heritage Pete Alonso #31 Raw,Pete Alonso,2021,Topps Heritage,,31,Baseball,Raw,87.95,67.04,-20.91,,,,
12/26/2021,1,2021  Topps Heritage Bryce Harper #13 Raw,Bryce Harper,2021 ,Topps Heritage,,13,Baseball,Raw,119.85,101.99,-17.86,,,,
12/23/2021,1,2021 Bowman  Paul Goldschmidt #95 Raw,Paul Goldschmidt,2021,Bowman ,,95,Baseball,Raw,214.14,322.99,108.85,,,,
01/03/2022,1,2021 Topps 1989 Bowman X Kieth Shore Mike Trout PR7015 #1 Raw,Mike Trout,2021,Topps 1989 Bowman X Kieth Shore,PR7015,1,Baseball,Raw,243.44,140.01,-103.43,,,,
12/17/2021,1,2021  Topps Living Mickey Mantle PR14028 #407 Raw,Mickey Mantle,2021 ,Topps Living,PR14028,407,Baseball,Raw,53.24,61.22,7.98,,,,
09/04/2023,2,2021  Donruss Fernando Tatis Jr. Unleashed Rapture #UNL15 Raw,Fernando Tatis Jr.,2021 ,Donruss,Unleashed Rapture,UNL15,Baseball,Raw,305.2,395.21,-215.19,,,,
08/04/2021,1,2020 Bowman Platinum Alexander Canario Top Prospects Platinum  #TOP-88 Raw,Alexander Canario,2020,Bowman Platinum,Top Prospects Platinum ,TOP-88,Baseball,Raw,96.34,146.23,49.89,,1001100,,
09/05/2023,1,2021  Donruss The Rookies Alec Bohm The Rookies Rapture #TR7 Raw,Alec Bohm,2021 ,Donruss The Rookies,The Rookies Rapture,TR7,Baseball,Raw,231.16,125.68,-105.48,,,,
09/05/2023,1,2022  Topps Heritage Jose Altuve #42 Raw,Jose Altuve,2022 ,Topps Heritage,,42,Baseball,Raw,93.89,33.80,-60.09,,,,
03/16/2016,1,1990-91 Fleer Kevin Willis #7 Raw,Kevin Willis,1990-91,Fleer,,7,Basketball,Raw,88.92,447.98,359.06,,,,
08/16/2018,1,2002 UD Glass Jason Kidd UD Promos #50 Raw,Jason Kidd,2002,UD Glass,UD Promos,50,Basketball,Raw,274.53,477.23,202.70,,,,
07/14/2018,1,2013-14 Panini Prestige Kemba Walker #9 Raw,Kemba Walker,2013-14,Panini Prestige,,9,Basketball,Raw,261.92,671.71,409.79,,,,
05/16/2015,1,2012-13 Panini Threads Jason Richardson #108 Raw,Jason Richardson,2012-13,Panini Threads,,108,Basketball,Raw,101.13,671.00,569.87,,,,
10/04/2001,1,1990-91 SkyBox Kevin Johnson #224 Raw,Kevin Johnson,1990-91,SkyBox,,224,Basketball,Raw,55.13,918.83,863.70,,,,
12/31/2005,1,2003-04 Topps 1st Edition Luke Ridnour Rookie Card #234 Raw,Luke Ridnour,2003-04,Topps 1st Edition,Rookie Card,234,Basketball,Raw,67.6,1277.09,1209.49,,,,
09/16/2023,1,2021 Topps Opening Day Santiago Espinal Rookie Card #57 Raw,Santiago Espinal,2021,Topps Opening Day,Rookie Card,57,Baseball,Raw,95,156.11,61.11,,,,
09/16/2023,1,2021 Panini Illusions Patrick Mahomes II Retail #24 Raw,Patrick Mahomes II,2021,Panini Illusions,Retail,24,Football,Raw,106.86,169.01,62.15,,,,
08/26/2023,1,1990 Pro Set Superbowl XXIII SBXXIII SuperBowl Collectibles p #23 Raw,Superbowl XXIII SBXXIII,1990,Pro Set,SuperBowl Collectibles p,23,Football,Raw,654.76,1075.93,421.17,,,,
08/08/2010,1,2009 Topps Chrome Tom Brady Refractor #TC70 Raw,Tom Brady,2009,Topps Chrome,Refractor,TC70,Football,Raw,337,20468.88,20131.88,,,,
11/04/2018,1,2017 Topps Tyler Austin Rookie Card #43 Raw,Tyler Austin,2017,Topps,Rookie Card,43,Baseball,Raw,157.79,787.40,629.61,,,,
09/12/2018,1,2017 Topps Update Domingo German Rookie Card #US2 Raw,Domingo German,2017,Topps Update,Rookie Card,US2,Baseball,Raw,116.62,611.34,494.72,,,,
08/03/2010,1,1994-95 Fleer Ultra Chris Webber #348 Raw,Chris Webber,1994-95,Fleer Ultra,,348,Basketball,Raw,170.1,2300.47,2130.37,,,,
10/11/2023,1,1998 Upper Deck Michael Jordan Stickers Stick-Ums Michael Jordan Red Back European Collection  #SU35 Raw,Michael Jordan,1998,Upper Deck Michael Jordan Stickers Stick-Ums,Red Back European Collection ,SU35,Basketball,Raw,1319,3081.18,1762.18,,,,
10/11/2023,1,1998 Upper Deck Michael Jordan Stickers Stick-Ums  Michael Jordan Red Back European Collection  #SU24 Raw,Michael Jordan,1998,Upper Deck Michael Jordan Stickers Stick-Ums ,Red Back European Collection ,SU24,Basketball,Raw,1319,3081.18,1762.18,,,,
07/19/2003,1,1998 Upper Deck Michael Jordan Stickers Stick-Ums  Michael Jordan Red Back E.C. #SU05 Raw,Michael Jordan,1998,Upper Deck Michael Jordan Stickers Stick-Ums ,Red Back E.C.,SU05,Basketball,Raw,75,1284.24,1209.24,,,,
10/11/2023,1,1998 Upper Deck Michael Jordan Stickers Stick-Ums Michael Jordan Red Back E.C.  #SU20 Raw,Michael Jordan,1998,Upper Deck Michael Jordan Stickers Stick-Ums,Red Back E.C. ,SU20,Basketball,Raw,1083.45,2529.89,1446.44,,,,
08/14/2005,1,1998 Upper Deck Michael Jordan Stickers Stick-Ums Michael Jordan Red Back E.C. #SU08 Raw,Michael Jordan,1998,Upper Deck Michael Jordan Stickers Stick-Ums,Red Back E.C.,SU08,Basketball,Raw,65,1928.02,1863.02,,,,
07/19/2008,1,1998 Upper Deck Michael Jordan Stickers Stick-Ums Michael Jordan Red Back E.C. #SU02 Raw,Michael Jordan,1998,Upper Deck Michael Jordan Stickers Stick-Ums,Red Back E.C.,SU02,Basketball,Raw,100,4016.58,3916.58,,,,
10/11/2023,1,1998 Upper Deck Michael Jordan Stickers Stick-Ums Michael Jordan Red Back E.C. #SU03 Raw,Michael Jordan,1998,Upper Deck Michael Jordan Stickers Stick-Ums,Red Back E.C.,SU03,Basketball,Raw,748.85,1749.31,1000.46,,,,
10/10/2019,1,2018 Panini Donruss Josh Allen Green Press Proof #304 PSA 8,Josh Allen,2018,Panini Donruss,Green Press Proof,304,Football,PSA 8,7500,167272.65,159772.65,,63357148,1,
12/23/2021,1,2021 Prizm Draft Picks Sandy Koufax Blue & Carolina Blue Hyper #PDP201 PSA 8,Sandy Koufax,2021,Prizm Draft Picks,Blue & Carolina Blue Hyper,PDP201,Baseball,PSA 8,100,86.38,-13.62,,75756173,1,
02/13/2017,1,2016 Panini Contenders Tom Brady #58 Raw,Tom Brady,2016,Panini Contenders,,58,Football,Raw,100,1681.14,1581.14,,,,
01/01/2019,1,2017 Topps-1987 Topps Baseball David Ortiz 1987 Topps Baseball #87-76 Raw,David Ortiz,2017,Topps-1987 Topps Baseball,1987 Topps Baseball,87-76,Baseball,Raw,339,554.90,215.90,,,,
12/12/2011,1,1993 SkyBox Premium Michael Jordan Dynamic Dunks #D4 Raw,Michael Jordan,1993,SkyBox Premium,Dynamic Dunks,D4,Basketball,Raw,68,2145.84,2077.84,,,,
10/09/2023,1,2020 Donruss Justin Herbert #303 Raw,Justin Herbert,2020,Donruss,,303,Football,Raw,426.94,181.86,-245.08,,,,
05/23/2022,1,2020 Donruss Optic  Tee Higgins Rated Rookie #160 Raw,Tee Higgins,2020,Donruss Optic ,Rated Rookie,160,Football,Raw,250,183.94,-66.06,,,,
12/18/2021,1,2020 Donruss Optic Aaron Rodgers #38 Raw,Aaron Rodgers,2020,Donruss Optic,,38,Football,Raw,327,120.10,-206.90,,,,
10/11/2023,1,2019-20 Panini Mosaic Carmelo Anthony #25 Raw,Carmelo Anthony,2019-20,Panini Mosaic,,25,Basketball,Raw,275.77,337.05,61.28,,,,
10/11/2023,1,2020 Panini Chronicles Jonathan Taylor Prizm Black #PB-7 Raw,Jonathan Taylor,2020,Panini Chronicles,Prizm Black,PB-7,Football,Raw,333.43,373.36,39.93,,,,
10/11/2023,1,2021 Topps 206 Dennis Eckersley #NNO Raw,Dennis Eckersley,2021,Topps 206,,NNO,Baseball,Raw,180.39,199.39,19.00,,,,
10/11/2022,1,2022 Topps 206 Ozzie Smith #NNO Raw,Ozzie Smith,2022,Topps 206,,NNO,Baseball,Raw,103,128.46,25.46,,,,
10/29/2018,1,2017 Topps Update Andrew Benintendi 1987 Topps Baseball #US87-25 Raw,Andrew Benintendi,2017,Topps Update,1987 Topps Baseball,US87-25,Baseball,Raw,68.18,343.49,275.31,,,,
12/24/2017,1,2017 Topps Archieves Aaron Judge Rookie Card #62 Raw,Aaron Judge,2017,Topps Archieves,Rookie Card,62,Baseball,Raw,113.9,1605.27,1491.37,,,,
12/29/2018,1,2018 Donruss Mike Trout #155b Raw,Mike Trout,2018,Donruss,,155b,Baseball,Raw,46,56.46,10.46,,,,
01/11/1996,1,1995 Topps Derek Jeter Future Stars #199 Raw,Derek Jeter,1995,Topps,Future Stars,199,Baseball,Raw,12,51.66,39.66,,,,
10/11/2023,1,2021-22 Panini Mosaic Anthony Edwards #79 Raw,Anthony Edwards,2021-22,Panini Mosaic,,79,Basketball,Raw,236.65,430.06,193.41,,,,
12/23/2021,1,2020 Panini Mosaic Andre Johnson #86 Raw,Andre Johnson,2020,Panini Mosaic,,86,Football,Raw,234.73,385.80,151.07,,,,
10/12/2023,1,2017 Topps Update Roger Maris MVP Award Commemorative Medallions #MVPR-RM Raw,Roger Maris,2017,Topps Update,MVP Award Commemorative Medallions,MVPR-RM,Baseball,Raw,195.78,227.43,31.65,,,,
05/10/2023,1,2020-21 Panini Prizm James Harden Silver Prizm #112 Raw,James Harden,2020-21,Panini Prizm,Silver Prizm,112,Basketball,Raw,191.48,233.82,42.34,,,,
01/13/2019,1,2018 2018 Topps Ronald Acuña Jr. Base #698  SGC 9.5,Ronald Acuña Jr.,2018,2018 Topps,Base,698 ,Baseball,SGC 9.5,100,212.40,112.40,,1026538020,1,
10/14/2023,1,2023 Score Max Duggan Rookie Card #308 Raw,Max Duggan,2023,Score,Rookie Card,308,Football,Raw,123.54,203.01,79.47,,,,
10/12/2023,1,2022 Panini Mosaic Brandon Aiyuk #178 Raw,Brandon Aiyuk,2022,Panini Mosaic,,178,Football,Raw,653.5,1073.86,420.36,,,,
10/14/2023,1,2022 Topps Julio Rodriguez Rookie Card #659b Raw,Julio Rodriguez,2022,Topps,Rookie Card,659b,Baseball,Raw,342.82,228.58,-114.24,,,,
11/10/2022,1,2022 Topps Match Attax Champions & Europa Leauge Lionel Messi Silver  #188 Raw,Lionel Messi,2022,Topps Match Attax Champions & Europa Leauge,Silver ,188,Soccer,Raw,65,175.82,110.82,,,,
12/12/2022,1,2022 Panini Mosaic Justin Fields Silver Prizm #268 Raw,Justin Fields,2022,Panini Mosaic,Silver Prizm,268,Football,Raw,25,364.49,339.49,,,,
12/12/2022,1,2022 Panini Mosaic Joe Greene Silver Prizm #168 Raw,Joe Greene,2022,Panini Mosaic,Silver Prizm,168,Football,Raw,100,99.79,-0.21,,,,
12/19/2023,1,2023 Disney Lorcana Mickey Mouse Wayward Sorcerer - The First Chapter #51/204 Raw,Mickey Mouse,2023,Disney Lorcana,Wayward Sorcerer - The First Chapter,51/204,Disney,Raw,500,1293.33,793.33,,,,
12/19/2023,1,2023 Disney Lorcana  Mickey Mouse Brave Little Tailor Puzzle Insert (Top Right) - Th #NNO Raw,Mickey Mouse,2023,Disney Lorcana ,Brave Little Tailor Puzzle Insert (Top Right) - Th,NNO,Disney,Raw,1000,2586.67,1586.67,,,,Mickey Mouse - Brave Little Tailor Puzzle Insert (Top Right) - The First Chapter (1)
12/19/2023,1,2023 Disney Lorcana Mickey Mouse Brave Little Tailor Puzzle Insert  #NNO Raw,Mickey Mouse,2023,Disney Lorcana,Brave Little Tailor Puzzle Insert ,NNO,Disney,Raw,1000,2586.67,1586.67,,,,Mickey Mouse - Brave Little Tailor Puzzle Insert (Bottom Right) - The First Chapter (1)
12/25/1999,1,1997-98 Sky Box Metal Universe Championship Kobe Bryant Precious Metal Gems #86 Raw,Kobe Bryant,1997-98,Sky Box Metal Universe Championship,Precious Metal Gems,86,Basketball,Raw,336,5355.07,5019.07,,,,
07/19/1998,1,1998 Upper Deck Michael Jordan Stickers Stick-Ums  Michael Jordan Red Back #SU03 Raw,Michael Jordan,1998,Upper Deck Michael Jordan Stickers Stick-Ums ,Red Back,SU03,Basketball,Raw,100,2130.36,2030.36,,,,
09/30/2020,1,2020 Panini Flux  Jason Kidd Black Pulsar #192 Raw,Jason Kidd,2020,Panini Flux ,Black Pulsar,192,Basketball,Raw,100,2017.77,1917.77,,,,
12/31/2021,1,2021-22 Panini NBA Stickers & Card Collection  LeBron James European Edition Cracked Ice Sticker  #368 Raw,LeBron James,2021-22,Panini NBA Stickers & Card Collection ,European Edition Cracked Ice Sticker ,368,Basketball,Raw,1000,656.14,-343.86,,,,
12/31/2021,1,2021 Panini Prizm Austin Reeves Hyper Purple #165 Raw,Austin Reeves,2021,Panini Prizm,Hyper Purple,165,Basketball,Raw,1358.82,1350.78,-8.04,,,,
01/01/2022,1,2022 Panini Donruss Brock Purdy Gold Press Proof Rated Rookie  #374 Raw,Brock Purdy,2022,Panini Donruss,Gold Press Proof Rated Rookie ,374,Football,Raw,100,128.20,28.20,,,,
06/10/2020,1,2020 Retro Series Signatures Julius Peppers Retro Series Signatures Gold  #RS-JP Raw,Julius Peppers,2020,Retro Series Signatures,Retro Series Signatures Gold ,RS-JP,Football,Raw,15000,39973.25,24973.25,,,,#02/15
06/14/2023,1,2023 Donruss Mark McGuire Carolina Blue Holo #264 Raw,Mark McGuire,2023,Donruss,Carolina Blue Holo,264,Baseball,Raw,10,479.37,469.37,,,,Error Card 
07/18/2022,1,2022 Skybox Metal Universe Champions  Michael Jordan  2500 Degrees Red  #D-1 Raw,Michael Jordan,2022,Skybox Metal Universe Champions ,2500 Degrees Red ,D-1,Basketball,Raw,100,209.24,109.24,,,,
11/18/2022,1,2022 Panini Absolute Football Tom Brady Star Gazing #SG-9 Raw,Tom Brady,2022,Panini Absolute Football,Star Gazing,SG-9,Football,Raw,139,783.75,644.75,,,,
09/08/2019,1,2018 Topps Heritage Shohei Ohtani #600 PSA 10,Shohei Ohtani,2018,Topps Heritage,,600,Baseball,PSA 10,100,6900.65,6800.65,,66810888,7299,
07/12/1993,1,1993 Kellogg’s Star Pics David Robinson  Star Pics Raw,David Robinson,1993,Kellogg’s Star Pics,Star Pics,,Basketball,Raw,10,109878.31,109868.31,,,,
02/12/1996,1,1995 JamPac Magazine Michael Jordan/ Larry Bird Shirts vs. Skins #9-10 Raw,Michael Jordan/ Larry Bird,1995,JamPac Magazine,Shirts vs. Skins,9-10,Basketball,Raw,10,31168.77,31158.77,,,,
02/12/1996,1,1995 Jam Pac Magazine  Michael Jordan  Michael Jordan Our Turn  #1-2 Raw,Michael Jordan,1995,Jam Pac Magazine ,Michael Jordan Our Turn ,1-2,Basketball,Raw,10,36519.35,36509.35,,,,
02/12/1996,1,1995 Jam Pac Magazine  Bill Russell/ Karem Abdul-Jabbar Cover Story  #15–16 Raw,Bill Russell/ Karem Abdul-Jabbar,1995,Jam Pac Magazine ,Cover Story ,15–16,Basketball,Raw,10,6840.02,6830.02,,,,
12/12/2024,1,2024 Pannini Score Jayden Daniels Rookie  #302 Raw,Jayden Daniels,2024,Pannini Score,Rookie ,302,Football,Raw,20,34.50,14.50,,,,
01/07/2022,1,2021  Panini Select  Nico Collins  Tie Die Prizm-Die Cut  #69 Raw,Nico Collins,2021 ,Panini Select ,Tie Die Prizm-Die Cut ,69,Football,Raw,10,286.23,276.23,,,,
